{
  "features": [
    {
      "geometry": {
        "type": "Polygon",
        "coordinates": [
          [
            [-64.2081191768432, -31.3346329026554],
            [-64.2080842231883, -31.3353178578764],
            [-64.2080774707032, -31.3364996055336],
            [-64.2080208779226, -31.3431869659175],
            [-64.2044746751657, -31.3487348217314],
            [-64.2022685996138, -31.3521736216267],
            [-64.2024479689158, -31.353183106752],
            [-64.2026213321231, -31.3541682904536],
            [-64.1996761021436, -31.3538857160183],
            [-64.1953076557512, -31.353459210606],
            [-64.1924909214637, -31.3538502416939],
            [-64.1910703368272, -31.3541850735602],
            [-64.1855081279233, -31.355447440582],
            [-64.1807371703496, -31.3566854956484],
            [-64.1772326131757, -31.3575306287158],
            [-64.1761418528049, -31.3575494631299],
            [-64.1761097856939, -31.3562980338514],
            [-64.1761257221391, -31.3543450564751],
            [-64.1761130907178, -31.3500089687851],
            [-64.176108817721, -31.3493872584172],
            [-64.1657090548959, -31.3524013442354],
            [-64.1639647718887, -31.3512806693049],
            [-64.1598816349061, -31.352213642988],
            [-64.1575749354142, -31.3524585317286],
            [-64.152675950542, -31.3524006246694],
            [-64.1525911417574, -31.3510099418173],
            [-64.1525530863422, -31.3502094395839],
            [-64.1524516336664, -31.3453633861801],
            [-64.1523916070973, -31.3442181155858],
            [-64.152384318118, -31.3421474461083],
            [-64.1653415281973, -31.3383729685876],
            [-64.1711199311892, -31.3367471910022],
            [-64.1730100435824, -31.3362281733014],
            [-64.1756759087846, -31.3361501442976],
            [-64.1819503370695, -31.3361501370362],
            [-64.1816951177434, -31.334297079792],
            [-64.1841199250652, -31.3343297060021],
            [-64.1841059982903, -31.336157897877],
            [-64.1971167409678, -31.3358638200651],
            [-64.1970173030963, -31.3347620554843],
            [-64.2035693233823, -31.3346735287238],
            [-64.2081191768432, -31.3346329026554]
          ]
        ],
        "crs": null
      },
      "id": 1,
      "type": "Feature",
      "properties": {
        "fid": 1,
        "zona": 1,
        "areaprogr": "15",
        "cpc": "CENTRO AMERICA,  MONSEÑOR P. CABRERA",
        "id": "AP15",
        "SHAPE__Length": 17875.8324788714,
        "objectid": 1,
        "denomina": "REMEDIOS DE ESCALADA",
        "SHAPE__Area": 12851590.5643342
      }
    },
    {
      "geometry": {
        "type": "Polygon",
        "coordinates": [
          [
            [-64.1880235196481, -31.3674924727806],
            [-64.1880207596633, -31.3674254705315],
            [-64.1860184349076, -31.3575352737807],
            [-64.1859336926153, -31.3574581767261],
            [-64.1855081279233, -31.355447440582],
            [-64.188015157123, -31.3548740487492],
            [-64.1910703368272, -31.3541850735602],
            [-64.1924909214637, -31.3538502416939],
            [-64.1953076557512, -31.353459210606],
            [-64.2026232776333, -31.3541665840094],
            [-64.2032668223917, -31.3573746537659],
            [-64.2032541587067, -31.3574766150301],
            [-64.2043070346951, -31.362852419653],
            [-64.2043153902294, -31.3629601743743],
            [-64.2044122507206, -31.3634385247547],
            [-64.2057553365812, -31.3707525850631],
            [-64.2011200473597, -31.3719163469686],
            [-64.1962156095161, -31.3731598953939],
            [-64.1962126011342, -31.3730727753153],
            [-64.1964021175019, -31.37254108363],
            [-64.1966076223091, -31.3720178936326],
            [-64.1954256894605, -31.3659582192867],
            [-64.1954793709041, -31.3656094560702],
            [-64.1880235196481, -31.3674924727806]
          ]
        ],
        "crs": null
      },
      "id": 2,
      "type": "Feature",
      "properties": {
        "fid": 2,
        "zona": 6,
        "areaprogr": "21",
        "cpc": "MONSEÑOR P. CABRERA",
        "id": "AP21",
        "SHAPE__Length": 8705.57289025055,
        "objectid": 2,
        "denomina": "MARQUEZ DE SOBREMONTE",
        "SHAPE__Area": 3841014.19072095
      }
    },
    {
      "geometry": {
        "type": "Polygon",
        "coordinates": [
          [
            [-64.1893975480182, -31.3747481994729],
            [-64.1856169260844, -31.3753887616101],
            [-64.1852851149655, -31.3754775214266],
            [-64.1822552699097, -31.3759253782847],
            [-64.1803364945746, -31.3762358338682],
            [-64.1797204680217, -31.3762272199908],
            [-64.1789618931458, -31.3761342217679],
            [-64.1784180056702, -31.3759035675612],
            [-64.1778558715787, -31.3755445402324],
            [-64.1761277764893, -31.3741250574029],
            [-64.1761418528049, -31.3575494631299],
            [-64.1772326131757, -31.3575306287158],
            [-64.1786272810397, -31.3571943137712],
            [-64.1807371703496, -31.3566854956484],
            [-64.1855081279233, -31.355447440582],
            [-64.1859245011118, -31.3574648549168],
            [-64.1860118245048, -31.3575268893285],
            [-64.1869473958221, -31.3620484931362],
            [-64.1880200404016, -31.3674028847847],
            [-64.188059820346, -31.3684479580412],
            [-64.1889946790159, -31.3728952771306],
            [-64.1892561192015, -31.3740925400799],
            [-64.1893975480182, -31.3747481994729]
          ]
        ],
        "crs": null
      },
      "id": 3,
      "type": "Feature",
      "properties": {
        "fid": 3,
        "zona": 1,
        "areaprogr": "13",
        "cpc": "CENTRO AMERICA",
        "id": "AP13",
        "SHAPE__Length": 7394.56678376735,
        "objectid": 3,
        "denomina": "IRIGOYEN",
        "SHAPE__Area": 3170307.53476388
      }
    },
    {
      "geometry": {
        "type": "Polygon",
        "coordinates": [
          [
            [-64.16062172702, -31.3601241442851],
            [-64.1604352706472, -31.3599967726175],
            [-64.1594724691319, -31.3593390552252],
            [-64.1532900997459, -31.360977645928],
            [-64.1532627533029, -31.3576928397162],
            [-64.1539352768279, -31.357412410503],
            [-64.1551203706485, -31.3569025995619],
            [-64.1561824431445, -31.3564373492082],
            [-64.1562645564843, -31.3563579121545],
            [-64.1565799121063, -31.356101452414],
            [-64.1568512048437, -31.3558721834229],
            [-64.157252601188, -31.3552235335303],
            [-64.1578081038825, -31.3543734151731],
            [-64.1577653962177, -31.3531524347604],
            [-64.1577452642202, -31.3524404499302],
            [-64.1598816349061, -31.352213642988],
            [-64.1639647718887, -31.3512806693049],
            [-64.1657090548959, -31.3524013442354],
            [-64.176108817721, -31.3493872584172],
            [-64.1761200667282, -31.3525249997647],
            [-64.176113883183, -31.3553426743807],
            [-64.1761097856939, -31.3562980338514],
            [-64.1761388260276, -31.3574313582898],
            [-64.1760850260687, -31.3574405099202],
            [-64.1722752983647, -31.358144556851],
            [-64.1698700024422, -31.3585339241364],
            [-64.1654902439172, -31.3592781308524],
            [-64.1623693065436, -31.3598155375048],
            [-64.161352683065, -31.3599884768581],
            [-64.16062172702, -31.3601241442851]
          ]
        ],
        "crs": null
      },
      "id": 4,
      "type": "Feature",
      "properties": {
        "fid": 4,
        "zona": 1,
        "areaprogr": "78",
        "cpc": "CENTRO AMERICA",
        "id": "AP78",
        "SHAPE__Length": 7243.03665503558,
        "objectid": 4,
        "denomina": "PQUE LICEO II SECCION",
        "SHAPE__Area": 2269460.83970914
      }
    },
    {
      "geometry": {
        "type": "Polygon",
        "coordinates": [
          [
            [-64.1677894062217, -31.3769115756883],
            [-64.1653325275588, -31.3775061867712],
            [-64.1561899750313, -31.3798620915156],
            [-64.1558970801447, -31.3799614651236],
            [-64.1542621644857, -31.3800561407306],
            [-64.1551306239846, -31.3809788315086],
            [-64.1538904081532, -31.3817922776684],
            [-64.1533228523344, -31.3831046292047],
            [-64.149637448495, -31.3819336273808],
            [-64.1477881948361, -31.3813453382957],
            [-64.1478166229544, -31.3797406790081],
            [-64.1473096232319, -31.3798482097917],
            [-64.1468135734972, -31.3799520297551],
            [-64.1446335079363, -31.3795793124036],
            [-64.1429985131964, -31.3793022028038],
            [-64.1430184260139, -31.3734484125289],
            [-64.147783470125, -31.3734173606326],
            [-64.147775458231, -31.371885655036],
            [-64.1514537900866, -31.370928440754],
            [-64.1542433341845, -31.3701414852956],
            [-64.1548967758548, -31.369960628349],
            [-64.1554460290866, -31.3714628141118],
            [-64.1609709319367, -31.3714523852092],
            [-64.1610164124244, -31.3736792431433],
            [-64.1631934268727, -31.3731199677424],
            [-64.1648374749726, -31.372718633267],
            [-64.1662327054704, -31.372396936924],
            [-64.1665489431674, -31.3733163806231],
            [-64.1677894062217, -31.3769115756883]
          ]
        ],
        "crs": null
      },
      "id": 5,
      "type": "Feature",
      "properties": {
        "fid": 5,
        "zona": 1,
        "areaprogr": "48",
        "cpc": "RANCAGUA, CENTRO AMERICA",
        "id": "AP48",
        "SHAPE__Length": 8144.00295493677,
        "objectid": 5,
        "denomina": "VILLA AZALAIS ESTE",
        "SHAPE__Area": 2723618.95501506
      }
    },
    {
      "geometry": {
        "type": "Polygon",
        "coordinates": [
          [
            [-64.1759433439411, -31.3993459507936],
            [-64.1750744034292, -31.399512879632],
            [-64.1735005176924, -31.399622673283],
            [-64.1724249696245, -31.3995689300555],
            [-64.1712362671729, -31.3993572516852],
            [-64.1662802355892, -31.3978910727478],
            [-64.158309293035, -31.3955324674846],
            [-64.1585415883877, -31.394830938504],
            [-64.1556495350876, -31.3913863934223],
            [-64.1550473062801, -31.3906690746433],
            [-64.1534009365826, -31.388811866196],
            [-64.1527299106232, -31.3880548746621],
            [-64.151292559355, -31.3864333350362],
            [-64.1497390166877, -31.384680603618],
            [-64.1477884424714, -31.3824797962052],
            [-64.1477872369457, -31.3813450573838],
            [-64.149637448495, -31.3819336273808],
            [-64.1533228523344, -31.3831046292047],
            [-64.1538904081532, -31.3817922776684],
            [-64.1551306239846, -31.3809788315086],
            [-64.1542621644857, -31.3800561407306],
            [-64.1558970801447, -31.3799614651236],
            [-64.1561899750313, -31.3798620915156],
            [-64.1653325275588, -31.3775061867712],
            [-64.1677894062217, -31.3769115756883],
            [-64.1760827562248, -31.3748487724997],
            [-64.1759433439411, -31.3993459507936]
          ]
        ],
        "crs": null
      },
      "id": 6,
      "type": "Feature",
      "properties": {
        "fid": 6,
        "zona": 1,
        "areaprogr": "14",
        "cpc": "CENTRO AMERICA, RANCAGUA",
        "id": "AP14",
        "SHAPE__Length": 11192.3746390732,
        "objectid": 6,
        "denomina": "GENERAL BUSTOS",
        "SHAPE__Area": 6463137.01336919
      }
    },
    {
      "geometry": {
        "type": "Polygon",
        "coordinates": [
          [
            [-64.1426866384615, -31.3792452055471],
            [-64.1429985131964, -31.3793022028038],
            [-64.1444826852928, -31.3795534306136],
            [-64.1468135734972, -31.3799520297551],
            [-64.1478166229544, -31.3797406790081],
            [-64.1477872369457, -31.3813450573838],
            [-64.1477884424714, -31.3824797962052],
            [-64.1482631044801, -31.3830154590322],
            [-64.1497390166877, -31.384680603618],
            [-64.151292559355, -31.3864333350362],
            [-64.1527299106232, -31.3880548746621],
            [-64.1534009365826, -31.388811866196],
            [-64.1550473062801, -31.3906690746433],
            [-64.1556495350876, -31.3913863934223],
            [-64.158541783597, -31.394846833143],
            [-64.1582907631286, -31.3955326349015],
            [-64.1547537255061, -31.3943769616746],
            [-64.1500428548203, -31.3929011790564],
            [-64.1477984468898, -31.3922936104778],
            [-64.1423942443755, -31.3910714781989],
            [-64.1371847061937, -31.3898976362808],
            [-64.13718790579, -31.3861924813455],
            [-64.1371486915419, -31.3841228416254],
            [-64.1371370820207, -31.3834564014877],
            [-64.1371253932875, -31.3818748520377],
            [-64.1371109862736, -31.379422399203],
            [-64.1370854045152, -31.3782533321924],
            [-64.1391127020447, -31.378635333161],
            [-64.140379652013, -31.3788519754],
            [-64.1415862122282, -31.3790582792271],
            [-64.1426866384615, -31.3792452055471]
          ]
        ],
        "crs": null
      },
      "id": 7,
      "type": "Feature",
      "properties": {
        "fid": 7,
        "zona": 1,
        "areaprogr": "04",
        "cpc": "RANCAGUA",
        "id": "APa4",
        "SHAPE__Length": 7662.80219344817,
        "objectid": 7,
        "denomina": "NUEVA ITALIA",
        "SHAPE__Area": 2666290.63215756
      }
    },
    {
      "geometry": {
        "type": "Polygon",
        "coordinates": [
          [
            [-64.2599056308446, -31.3381697572293],
            [-64.2600417782142, -31.3383467297363],
            [-64.2614776360436, -31.3402971127779],
            [-64.263119627181, -31.3423485417613],
            [-64.2632643579802, -31.3424521880716],
            [-64.2638724555097, -31.3425949252003],
            [-64.2639009992845, -31.3428753538072],
            [-64.2642134489763, -31.3463005737809],
            [-64.2643323686234, -31.3477866892884],
            [-64.263158215621, -31.3478309174799],
            [-64.260399609589, -31.3480125836382],
            [-64.2566188734439, -31.348261286368],
            [-64.255675717381, -31.3484290406241],
            [-64.2553581348848, -31.3484855247383],
            [-64.2544127914441, -31.3487513470846],
            [-64.2538842452772, -31.3488999666096],
            [-64.2521737465316, -31.349699965327],
            [-64.2509784483967, -31.3504904778947],
            [-64.2500579370476, -31.3512717734271],
            [-64.2496174045315, -31.351666747467],
            [-64.2472166166002, -31.3537249140079],
            [-64.2449758687871, -31.3557000914563],
            [-64.2445026113573, -31.3560406808693],
            [-64.2440091515383, -31.3563958060159],
            [-64.2438410976332, -31.3564895891199],
            [-64.2429121397802, -31.3569755689773],
            [-64.2424379670782, -31.3571419808285],
            [-64.2421586800159, -31.3572399962384],
            [-64.2406479929638, -31.3576465971633],
            [-64.2400749411038, -31.3580672382241],
            [-64.2398959261196, -31.3581584997282],
            [-64.2393219068662, -31.3585058943119],
            [-64.2388664757042, -31.3584940146611],
            [-64.2386137250278, -31.3582425116665],
            [-64.2381397294765, -31.3562350694388],
            [-64.2376969535534, -31.3542924370714],
            [-64.2375999441842, -31.3538375759136],
            [-64.2372789185416, -31.3524993263345],
            [-64.240262805925, -31.350341292504],
            [-64.2403269903981, -31.3477165816472],
            [-64.2403656341864, -31.3460362696477],
            [-64.2403590676568, -31.3432234107731],
            [-64.2403474694532, -31.3400018178103],
            [-64.2403265729262, -31.3366993038717],
            [-64.2410523994872, -31.3375582885715],
            [-64.2421608357735, -31.3388393891021],
            [-64.2442741413688, -31.3412577878311],
            [-64.2460150416835, -31.3402209056761],
            [-64.2453953398073, -31.3395143816482],
            [-64.2462233541789, -31.3381749724369],
            [-64.2464228671961, -31.3378504130221],
            [-64.2470806451563, -31.3380171937599],
            [-64.250142108782, -31.3388433969708],
            [-64.2505076057704, -31.3390496935915],
            [-64.2508348805571, -31.3391041976163],
            [-64.2511637313662, -31.3391068310949],
            [-64.2513628726002, -31.3390694381433],
            [-64.2515101556582, -31.3390148245691],
            [-64.2521124968102, -31.3387661687219],
            [-64.2520469155306, -31.3386730054461],
            [-64.2520119278173, -31.3376858147435],
            [-64.2520061587786, -31.3370004864494],
            [-64.2519945365227, -31.3361180496028],
            [-64.2520088856719, -31.334539654074],
            [-64.2520175722684, -31.3335841403905],
            [-64.2520178354722, -31.3335485539987],
            [-64.2528648634118, -31.3335547793961],
            [-64.2544675702146, -31.3335816669163],
            [-64.254314301402, -31.3328610357821],
            [-64.2541969874058, -31.3322874393352],
            [-64.2540062978032, -31.3313247329145],
            [-64.2539252071276, -31.3309302649841],
            [-64.2538790275444, -31.3306989478126],
            [-64.2537237409308, -31.3299210915887],
            [-64.253605431466, -31.3293602538208],
            [-64.2554447273779, -31.3293636402159],
            [-64.2571957790978, -31.3293668825423],
            [-64.2573860496115, -31.3293690209569],
            [-64.2579464427409, -31.3293270361134],
            [-64.2584074343985, -31.3292257632791],
            [-64.2587533393068, -31.3291497726283],
            [-64.2596949657165, -31.3291492857608],
            [-64.259930089497, -31.3295831937262],
            [-64.260030804117, -31.3297690555779],
            [-64.2601472412294, -31.3299839312591],
            [-64.2603089292646, -31.3302823105808],
            [-64.2606174235447, -31.3308794617877],
            [-64.2614055451348, -31.3305802621029],
            [-64.2621526524363, -31.3302794643626],
            [-64.26220260765, -31.3302539189069],
            [-64.2630185208109, -31.3299604746937],
            [-64.2637971118089, -31.3296599438792],
            [-64.2646974808048, -31.3293055489225],
            [-64.2653050851115, -31.32951344723],
            [-64.2648251079028, -31.3302028764571],
            [-64.2642807821602, -31.3309883569081],
            [-64.2640283863072, -31.3312978626203],
            [-64.2636973603268, -31.3316198782729],
            [-64.2633573579755, -31.3318233983741],
            [-64.2628709476524, -31.3321176008642],
            [-64.2622771409332, -31.3324756962303],
            [-64.2622736460031, -31.3332049371249],
            [-64.2622693240458, -31.3341067489901],
            [-64.2621418851328, -31.3356387557391],
            [-64.2620147700254, -31.3365435243991],
            [-64.2597285338668, -31.3379396494899],
            [-64.2599056308446, -31.3381697572293]
          ]
        ],
        "crs": null
      },
      "id": 8,
      "type": "Feature",
      "properties": {
        "fid": 8,
        "zona": 6,
        "areaprogr": "33",
        "cpc": "ARGUELLO",
        "id": "AP33",
        "SHAPE__Length": 14167.0965777055,
        "objectid": 8,
        "denomina": "ARGUELLO",
        "SHAPE__Area": 5662735.4913923
      }
    },
    {
      "geometry": {
        "type": "Polygon",
        "coordinates": [
          [
            [-64.1761380968086, -31.3741281461892],
            [-64.1779158191193, -31.3755899816128],
            [-64.1784328752432, -31.3758997316591],
            [-64.1789611063767, -31.3761255101977],
            [-64.1796711600981, -31.3762342974332],
            [-64.1803554710152, -31.3762384846167],
            [-64.1820747230317, -31.3759500831602],
            [-64.1840749643461, -31.3756590638896],
            [-64.185282380735, -31.3754801773055],
            [-64.1855988469738, -31.3753829018839],
            [-64.1894031305351, -31.3747501271932],
            [-64.1910903910045, -31.3835509318333],
            [-64.191776209723, -31.3867411079791],
            [-64.1921068902718, -31.388732848232],
            [-64.1918351091435, -31.3900603965749],
            [-64.1917697154612, -31.3902607812378],
            [-64.1915669747052, -31.3901812648946],
            [-64.1908494488055, -31.3904063369673],
            [-64.189533708614, -31.3908082450546],
            [-64.1882837911711, -31.3912246369884],
            [-64.1895469321676, -31.3941827024657],
            [-64.188553291672, -31.3949832497741],
            [-64.1873572100722, -31.395707806301],
            [-64.1871012780184, -31.3958220098206],
            [-64.1859048669489, -31.3963036760414],
            [-64.1838250503989, -31.3969490085163],
            [-64.1777038751298, -31.3988545958626],
            [-64.175951311462, -31.3993422542004],
            [-64.1760983691987, -31.3748623442219],
            [-64.1761380968086, -31.3741281461892]
          ]
        ],
        "crs": null
      },
      "id": 9,
      "type": "Feature",
      "properties": {
        "fid": 9,
        "zona": 0,
        "areaprogr": "DN",
        "cpc": "CENTRO AMERICA",
        "id": "DN99",
        "SHAPE__Length": 9429.64986451889,
        "objectid": 9,
        "denomina": "DEM (N)",
        "SHAPE__Area": 4529132.59572055
      }
    },
    {
      "geometry": {
        "type": "Polygon",
        "coordinates": [
          [
            [-64.20354462317, -31.3917018452241],
            [-64.2031932525464, -31.3921856049349],
            [-64.2020113068523, -31.3941230640396],
            [-64.2012092429604, -31.3956256760189],
            [-64.2009293088523, -31.3960164478293],
            [-64.2003648596434, -31.3964386359216],
            [-64.1994361243929, -31.3972092512423],
            [-64.198692075461, -31.3980068857658],
            [-64.1980154117824, -31.3988326380108],
            [-64.1975757217218, -31.3998430598394],
            [-64.1970174387073, -31.4007539559243],
            [-64.1962911943017, -31.4016376655601],
            [-64.1954203035924, -31.4030115019483],
            [-64.1949122581633, -31.4039219205308],
            [-64.1938739173663, -31.4053116824151],
            [-64.193676810778, -31.4056297881231],
            [-64.1936123217066, -31.405831651135],
            [-64.193872810275, -31.4065480208729],
            [-64.1899785675286, -31.4064149020035],
            [-64.1886349788995, -31.4068996754994],
            [-64.1882058067046, -31.4071166553511],
            [-64.1878936444044, -31.4071936365078],
            [-64.1876133529795, -31.4063720116556],
            [-64.1871732467959, -31.4040052939356],
            [-64.1869341737594, -31.4030258497925],
            [-64.1866173227567, -31.4018711680441],
            [-64.1848442479837, -31.3973867570142],
            [-64.1845750178897, -31.3967012100219],
            [-64.1858788982624, -31.3963247094555],
            [-64.1870963367974, -31.3958323741635],
            [-64.1882609477802, -31.3951947384399],
            [-64.1895469321676, -31.3941827024657],
            [-64.1882837911711, -31.3912246369884],
            [-64.189533708614, -31.3908082450546],
            [-64.1908494488055, -31.3904063369673],
            [-64.1912498664819, -31.390276284399],
            [-64.1915669747052, -31.3901812648946],
            [-64.1917722179918, -31.3902734708893],
            [-64.1918495590339, -31.3900300324467],
            [-64.1921227646561, -31.3887883770195],
            [-64.191769943834, -31.3866859650738],
            [-64.1917384523589, -31.3865027063636],
            [-64.1923374994629, -31.3868019487551],
            [-64.1974284599222, -31.3892558375121],
            [-64.1976254380009, -31.3889567537156],
            [-64.1996848950381, -31.3899495839775],
            [-64.199486464011, -31.3902484616691],
            [-64.2020436520322, -31.3914651624102],
            [-64.2021859115176, -31.3912161224773],
            [-64.20354462317, -31.3917018452241]
          ]
        ],
        "crs": null
      },
      "id": 10,
      "type": "Feature",
      "properties": {
        "fid": 10,
        "zona": 1,
        "areaprogr": "25",
        "cpc": "MONSEÑOR P. CABRERA, CENTRAL",
        "id": "AP25",
        "SHAPE__Length": 7956.84684205081,
        "objectid": 10,
        "denomina": "SAN MARTIN",
        "SHAPE__Area": 2896088.63481991
      }
    },
    {
      "geometry": {
        "type": "Polygon",
        "coordinates": [
          [
            [-64.205747302676, -31.370753683251],
            [-64.2061075429118, -31.3728411737963],
            [-64.2062592639091, -31.3735551601397],
            [-64.2068218504747, -31.3766334501742],
            [-64.2069740801449, -31.3776031890152],
            [-64.2074654022875, -31.3800950450833],
            [-64.206832815267, -31.3814426558188],
            [-64.2068981671864, -31.381722179913],
            [-64.2070948134023, -31.3821815653137],
            [-64.2050545083892, -31.3826713319326],
            [-64.2036546381047, -31.3820332241341],
            [-64.2024217482527, -31.3814335233893],
            [-64.2011301840564, -31.3808789206486],
            [-64.20036059831, -31.3815213873269],
            [-64.2001493390224, -31.3816650419317],
            [-64.1994269810743, -31.3822522189233],
            [-64.1991101173627, -31.38246998251],
            [-64.1990629032068, -31.3816889157831],
            [-64.199040744022, -31.3789241281304],
            [-64.1990529780865, -31.3775529563455],
            [-64.1990173811372, -31.3760085531144],
            [-64.1990237826859, -31.375254405853],
            [-64.1989457735855, -31.3724672972564],
            [-64.2031455927297, -31.3714042367894],
            [-64.205747302676, -31.370753683251]
          ]
        ],
        "crs": null
      },
      "id": 11,
      "type": "Feature",
      "properties": {
        "fid": 11,
        "zona": 6,
        "areaprogr": "16",
        "cpc": "MONSEÑOR P. CABRERA",
        "id": "AP16",
        "SHAPE__Length": 4654.87120557623,
        "objectid": 11,
        "denomina": "ZUMARAN",
        "SHAPE__Area": 1156619.52753069
      }
    },
    {
      "geometry": {
        "type": "Polygon",
        "coordinates": [
          [
            [-64.2026252876008, -31.3541699415828],
            [-64.2090221985885, -31.3546850616588],
            [-64.2145561529274, -31.3546147999768],
            [-64.2176351306316, -31.3543877069306],
            [-64.2196652623609, -31.3541165399819],
            [-64.2223855158409, -31.3537128269627],
            [-64.2246045126367, -31.3534577747841],
            [-64.2260711835291, -31.3533897922314],
            [-64.2261390833375, -31.3567132727989],
            [-64.2262086652038, -31.3593550043039],
            [-64.2262052476114, -31.3597714603237],
            [-64.2262697548061, -31.3599828407397],
            [-64.2263600409, -31.3601409758645],
            [-64.226476229071, -31.3636529627633],
            [-64.230310359885, -31.3619808398118],
            [-64.2314154605427, -31.3614705287262],
            [-64.2336428738561, -31.3604194263883],
            [-64.2355030754929, -31.3596292487887],
            [-64.2386081301388, -31.358228897793],
            [-64.2388850853922, -31.3584912196822],
            [-64.2393352046557, -31.3585020142991],
            [-64.2398517275169, -31.3581941706929],
            [-64.2387370566919, -31.3601969050716],
            [-64.2386842448671, -31.36037486853],
            [-64.2378912599385, -31.3619322765804],
            [-64.2365549174306, -31.3639799575635],
            [-64.2336300789054, -31.3683113487192],
            [-64.2321168578365, -31.3698933938944],
            [-64.2305526578482, -31.3715350607422],
            [-64.2284481022075, -31.3740395737041],
            [-64.2253573083196, -31.3775886215037],
            [-64.2231492667924, -31.3801088273069],
            [-64.2230657765649, -31.3803166511538],
            [-64.2231071439727, -31.3808486151004],
            [-64.2234930131727, -31.3813625045483],
            [-64.2236873882206, -31.3817303427422],
            [-64.2235950974638, -31.3825889108443],
            [-64.2222101735752, -31.3834598070245],
            [-64.2212032518841, -31.3842383614608],
            [-64.2190530023657, -31.3859150475478],
            [-64.2106238975598, -31.3886123387531],
            [-64.2037230753792, -31.39088068614],
            [-64.2029407335988, -31.3895990075171],
            [-64.2033910545114, -31.3887119315652],
            [-64.2039349770645, -31.3876828636222],
            [-64.2042079207509, -31.3871961834129],
            [-64.2043208297411, -31.3869948540897],
            [-64.2044657949076, -31.3868637996242],
            [-64.2047115612084, -31.3867190625132],
            [-64.2048766438451, -31.3866218422684],
            [-64.2068582321794, -31.3855006505746],
            [-64.2073926590295, -31.3851927663653],
            [-64.2076005113905, -31.3833809495306],
            [-64.2075732109276, -31.3829074279519],
            [-64.2072644528529, -31.3824380940999],
            [-64.2070948134023, -31.3821815653137],
            [-64.2068981671864, -31.381722179913],
            [-64.206832815267, -31.3814426558188],
            [-64.2074654022875, -31.3800950450833],
            [-64.2069685592603, -31.377564853361],
            [-64.2068242965172, -31.3766349367968],
            [-64.2063964198731, -31.3742691975272],
            [-64.2061045551823, -31.3727954653378],
            [-64.2058143471859, -31.3710506968765],
            [-64.2055899078781, -31.3698096215932],
            [-64.2051246272962, -31.3672321628429],
            [-64.2043116009706, -31.3629846961308],
            [-64.2043100565121, -31.3628635693257],
            [-64.2032619981547, -31.3574750219351],
            [-64.2032605518032, -31.3573614657521],
            [-64.2026252876008, -31.3541699415828]
          ]
        ],
        "crs": null
      },
      "id": 12,
      "type": "Feature",
      "properties": {
        "fid": 12,
        "zona": 6,
        "areaprogr": "20",
        "cpc": "ARGUELLO, MP CABRERA",
        "id": "AP20",
        "SHAPE__Length": 17012.4145612883,
        "objectid": 12,
        "denomina": "LAS MARGARITAS",
        "SHAPE__Area": 11141398.164517
      }
    },
    {
      "geometry": {
        "type": "Polygon",
        "coordinates": [
          [
            [-64.0718775529059, -31.415952012396],
            [-64.0717484944657, -31.4158914416962],
            [-64.0708654844443, -31.4168804566884],
            [-64.0709857972442, -31.4180246894928],
            [-64.0691055342117, -31.418347149598],
            [-64.0664316608187, -31.4180831186263],
            [-64.0654329668539, -31.4172836226908],
            [-64.0646311667448, -31.417024426141],
            [-64.0633482864058, -31.4174543168809],
            [-64.0624135776989, -31.4202126894184],
            [-64.0600802869605, -31.4205489988814],
            [-64.0588302084959, -31.4196595023029],
            [-64.0567912013632, -31.4196558823998],
            [-64.0562011516807, -31.4198331754113],
            [-64.0566711748868, -31.4024629771281],
            [-64.0574817199379, -31.4022798781547],
            [-64.0598535330818, -31.4015960732061],
            [-64.0669992863533, -31.3995444878247],
            [-64.0688611853346, -31.4037232878982],
            [-64.0718775529059, -31.415952012396]
          ]
        ],
        "crs": null
      },
      "id": 79,
      "type": "Feature",
      "properties": {
        "fid": 79,
        "zona": 2,
        "areaprogr": "88",
        "cpc": "PUEYRREDON",
        "id": "AP88",
        "SHAPE__Length": 8049.30091212021,
        "objectid": 51,
        "denomina": "CHACRA DE LA MERCED",
        "SHAPE__Area": 3547568.75137184
      }
    },
    {
      "geometry": {
        "type": "Polygon",
        "coordinates": [
          [
            [-64.2355576595476, -31.368640098243],
            [-64.2361634886377, -31.3694250244798],
            [-64.2371672080402, -31.370485431307],
            [-64.2361417628493, -31.3713254210093],
            [-64.2369636503273, -31.3720464670859],
            [-64.236149918041, -31.3727279774522],
            [-64.2385767867104, -31.3755367440246],
            [-64.24039081519, -31.377591253704],
            [-64.2419868219697, -31.3766994276251],
            [-64.2433714551039, -31.3784386433966],
            [-64.2441762569377, -31.379551651788],
            [-64.2452381982927, -31.3809191737099],
            [-64.2459329690724, -31.3817916868799],
            [-64.2467309426218, -31.3828015869719],
            [-64.2473693828665, -31.3834988108859],
            [-64.2475392658193, -31.3840549010033],
            [-64.245680778434, -31.3847814748755],
            [-64.2441039477053, -31.3853979057997],
            [-64.2434119671753, -31.386295918768],
            [-64.24328625617, -31.3869296741569],
            [-64.2428886661369, -31.3872785484779],
            [-64.241925907314, -31.387722222251],
            [-64.241422868268, -31.387954036841],
            [-64.2400918511829, -31.3886857081866],
            [-64.2385892409378, -31.3892697200969],
            [-64.2370512563962, -31.3899043733451],
            [-64.2367410186778, -31.3896594803369],
            [-64.2342658184467, -31.3909692407422],
            [-64.2331506440848, -31.3913566424522],
            [-64.2327552939052, -31.3915166190598],
            [-64.2298211442201, -31.3926948655689],
            [-64.2287513361315, -31.3929063849044],
            [-64.2278308963905, -31.3932422432433],
            [-64.2259013793283, -31.3939462728853],
            [-64.2248310468985, -31.3943367924228],
            [-64.2236122554116, -31.3946518867478],
            [-64.2229825681172, -31.3952041774391],
            [-64.2225572375972, -31.3953359667965],
            [-64.2220655141007, -31.3954591215511],
            [-64.2215789964375, -31.3955809713143],
            [-64.2204655494184, -31.3958598282148],
            [-64.2192408459199, -31.3961598729571],
            [-64.214376587367, -31.3977071807208],
            [-64.2100855059103, -31.3990640836932],
            [-64.2089923270371, -31.3994196266877],
            [-64.2084914278214, -31.39956810869],
            [-64.2050521232719, -31.4006067978601],
            [-64.2050815115874, -31.4029066623747],
            [-64.204289945677, -31.4039204133615],
            [-64.2019171504767, -31.4044889686199],
            [-64.2006482270927, -31.4048746336363],
            [-64.1993479699237, -31.4054330900726],
            [-64.1966156912782, -31.4060767903575],
            [-64.1938391097011, -31.4065339589434],
            [-64.1936454761007, -31.4058025907397],
            [-64.1938077910348, -31.4053841783408],
            [-64.1944337143503, -31.4045157922461],
            [-64.1962218186398, -31.4016922054293],
            [-64.1972280378414, -31.4005572738752],
            [-64.1979843778271, -31.3988827451836],
            [-64.1992773370387, -31.3973699386715],
            [-64.2009130559759, -31.3960623419275],
            [-64.2031965847007, -31.3922057652999],
            [-64.2038724013268, -31.3912158432466],
            [-64.2036886017372, -31.3908810097941],
            [-64.2122848754177, -31.3880693750312],
            [-64.2189670153371, -31.3859306529628],
            [-64.22190471505, -31.3836611125549],
            [-64.2235918174872, -31.3825777001405],
            [-64.2236826342975, -31.381749112455],
            [-64.2231376604912, -31.3808394619067],
            [-64.2230578325286, -31.3805570547964],
            [-64.2230787034964, -31.3802083418063],
            [-64.2244596900019, -31.3785219175296],
            [-64.2290324248147, -31.3733771729289],
            [-64.2299577412365, -31.3723009772115],
            [-64.2305573063684, -31.3715546332902],
            [-64.231482872984, -31.3705002059475],
            [-64.2337620388264, -31.368125830855],
            [-64.2341482020032, -31.3673684648577],
            [-64.2355576595476, -31.368640098243]
          ]
        ],
        "crs": null
      },
      "id": 13,
      "type": "Feature",
      "properties": {
        "fid": 13,
        "zona": 5,
        "areaprogr": "30",
        "cpc": "ARGUELLO, COLON, CENTRAL",
        "id": "AP30",
        "SHAPE__Length": 17367.8951370407,
        "objectid": 13,
        "denomina": "VILLA PAEZ",
        "SHAPE__Area": 9302762.84324486
      }
    },
    {
      "geometry": {
        "type": "Polygon",
        "coordinates": [
          [
            [-64.2530872814176, -31.3847479528067],
            [-64.2533428837806, -31.3852626785524],
            [-64.2510407462476, -31.3860841674103],
            [-64.2487552474245, -31.386923900825],
            [-64.2470230617171, -31.38752110843],
            [-64.2467257282642, -31.3868972427536],
            [-64.2458668946206, -31.3851470601372],
            [-64.245680778434, -31.3847814748755],
            [-64.2475392658193, -31.3840549010033],
            [-64.2473693828665, -31.3834988108859],
            [-64.2467309426218, -31.3828015869719],
            [-64.2463237439923, -31.3822876821863],
            [-64.2441762569377, -31.379551651788],
            [-64.2419868219697, -31.3766994276251],
            [-64.24039081519, -31.377591253704],
            [-64.2385767867104, -31.3755367440246],
            [-64.2371221354645, -31.3738590104813],
            [-64.236149918041, -31.3727279774522],
            [-64.2369636503273, -31.3720464670859],
            [-64.2361417628493, -31.3713254210093],
            [-64.2371672080402, -31.370485431307],
            [-64.236557304481, -31.3697798801362],
            [-64.2355576595476, -31.368640098243],
            [-64.2341482020032, -31.3673684648577],
            [-64.2351667815197, -31.3658947049068],
            [-64.2363341520896, -31.3641451993034],
            [-64.2381436221379, -31.3615288802311],
            [-64.2381055677677, -31.3614779190014],
            [-64.2387035578783, -31.3603236592243],
            [-64.2387025483327, -31.3602466748227],
            [-64.2395354630294, -31.3587629194265],
            [-64.2398419619009, -31.3581889227303],
            [-64.2400500247907, -31.3580906692181],
            [-64.2406275030646, -31.3576552056332],
            [-64.2421586800159, -31.3572399962384],
            [-64.2429121397802, -31.3569755689773],
            [-64.2438410976332, -31.3564895891199],
            [-64.2440091515383, -31.3563958060159],
            [-64.2440497794567, -31.3563676785762],
            [-64.2444744300208, -31.3560609618768],
            [-64.2449638435884, -31.3557090251815],
            [-64.2451224764197, -31.3555708636571],
            [-64.2472166166002, -31.3537249140079],
            [-64.249354556456, -31.3518920903182],
            [-64.2500579370476, -31.3512717734271],
            [-64.2509784483967, -31.3504904778947],
            [-64.2512791139343, -31.3502916343108],
            [-64.2521737465316, -31.349699965327],
            [-64.2538842452772, -31.3488999666096],
            [-64.2553581348848, -31.3484855247383],
            [-64.2559224206577, -31.349318005482],
            [-64.2574972265938, -31.3516299231686],
            [-64.2587901194702, -31.3535486256594],
            [-64.2595084292073, -31.3545788274114],
            [-64.2606249740934, -31.3562497084868],
            [-64.2609236448739, -31.3567011956793],
            [-64.2610929117098, -31.3569570664384],
            [-64.2613074528611, -31.3572661306115],
            [-64.2612422299816, -31.357252817247],
            [-64.2610245451676, -31.3572224785102],
            [-64.2607631579798, -31.3571829249398],
            [-64.2604172074774, -31.3573168767975],
            [-64.2597517590577, -31.3579388764025],
            [-64.259364464591, -31.3582411846954],
            [-64.2592598323956, -31.3585989573209],
            [-64.2591836880794, -31.3588593180075],
            [-64.2594012287376, -31.3593597480336],
            [-64.2591284115874, -31.3603845372783],
            [-64.2594885539152, -31.3611987219412],
            [-64.2604373863466, -31.3621558785393],
            [-64.2612100894752, -31.3631680113881],
            [-64.2615300769279, -31.3641271777581],
            [-64.2616773095319, -31.3644144818568],
            [-64.2614568968614, -31.3677255188877],
            [-64.2608138054309, -31.3686196037318],
            [-64.2604015766975, -31.3688596632836],
            [-64.2595879958067, -31.3693334401735],
            [-64.2607328210471, -31.372947145049],
            [-64.2617235547563, -31.3749767638538],
            [-64.2614205349342, -31.3752047692775],
            [-64.2612488494382, -31.3753076957436],
            [-64.257216969634, -31.3766288710516],
            [-64.2550373844062, -31.3768135880927],
            [-64.2548408316668, -31.3770804737894],
            [-64.2547565080562, -31.3771798819144],
            [-64.2544408155923, -31.3779661075482],
            [-64.2538766090268, -31.3793712174103],
            [-64.2534512819387, -31.3801055826971],
            [-64.2533429461246, -31.3802926324378],
            [-64.2529062073531, -31.3808243989289],
            [-64.2522602620981, -31.3816108804533],
            [-64.2519734549839, -31.3819600810619],
            [-64.2530872814176, -31.3847479528067]
          ]
        ],
        "crs": null
      },
      "id": 14,
      "type": "Feature",
      "properties": {
        "fid": 14,
        "zona": 6,
        "areaprogr": "49",
        "cpc": "ARGUELLO, COLON",
        "id": "AP49",
        "SHAPE__Length": 14015.3427177308,
        "objectid": 14,
        "denomina": "COLINAS DEL CERRO",
        "SHAPE__Area": 9010438.965406
      }
    },
    {
      "geometry": {
        "type": "Polygon",
        "coordinates": [
          [
            [-64.1759514421598, -31.3993527366365],
            [-64.175925268324, -31.4012785447061],
            [-64.1753658442658, -31.4024253333769],
            [-64.1746576706667, -31.4045281451621],
            [-64.173899935426, -31.4066650454713],
            [-64.1723832499239, -31.4108598017504],
            [-64.164034542939, -31.40860517739],
            [-64.1628255556803, -31.4082557305914],
            [-64.157540320793, -31.4067657745267],
            [-64.1572613790256, -31.4068644056488],
            [-64.1530965056898, -31.4058134015535],
            [-64.1533936658924, -31.4050249888287],
            [-64.1536012286368, -31.4044916888969],
            [-64.153949713152, -31.4035562120661],
            [-64.1524217237158, -31.402423353351],
            [-64.1505564210059, -31.4017983216814],
            [-64.148960631335, -31.4011764131075],
            [-64.1478838215733, -31.4005812756498],
            [-64.146608711063, -31.3999562298263],
            [-64.1451325380444, -31.3993984701939],
            [-64.1438187006417, -31.3990297234188],
            [-64.1426329614105, -31.3988331516811],
            [-64.1412426024394, -31.3986901742448],
            [-64.14021801719, -31.3985938303542],
            [-64.1394865225563, -31.3985217504437],
            [-64.1389346916343, -31.3984565032279],
            [-64.1383907853337, -31.398392188786],
            [-64.1381070728554, -31.3983586403201],
            [-64.1373775451744, -31.3982272548734],
            [-64.1352855637872, -31.3978866980725],
            [-64.1330344043757, -31.3976311391017],
            [-64.1311859489277, -31.3975905314119],
            [-64.1301755050555, -31.397643869914],
            [-64.1288215407837, -31.3976682037164],
            [-64.1282666273973, -31.3976741717812],
            [-64.1277598776782, -31.3976793097391],
            [-64.1277746983907, -31.3972214065039],
            [-64.1277945628655, -31.396607724435],
            [-64.1291369919435, -31.3965802540247],
            [-64.1296362208405, -31.3965756729829],
            [-64.1308836525008, -31.3965713739559],
            [-64.1329577022162, -31.3965751003462],
            [-64.1343059339962, -31.3965938079731],
            [-64.1355838909941, -31.3966115276831],
            [-64.1369736448508, -31.3966242517196],
            [-64.1390490530266, -31.3966452762573],
            [-64.1412342565345, -31.3966691667579],
            [-64.1418217704387, -31.3966755833244],
            [-64.1440870659317, -31.3967071330093],
            [-64.1477855717081, -31.3966746991391],
            [-64.1477671865773, -31.3941918237982],
            [-64.1477583732696, -31.3925633970112],
            [-64.1478000038119, -31.392294037531],
            [-64.1482976883572, -31.3924287657058],
            [-64.1500428548203, -31.3929011790564],
            [-64.1547537255061, -31.3943769616746],
            [-64.1583130600911, -31.3955442914959],
            [-64.1662802355892, -31.3978910727478],
            [-64.1712198150436, -31.3993422550512],
            [-64.1724502314776, -31.3995683617325],
            [-64.1735179395952, -31.3996176430767],
            [-64.1751343812519, -31.3995044163778],
            [-64.1759514421598, -31.3993527366365]
          ]
        ],
        "crs": null
      },
      "id": 15,
      "type": "Feature",
      "properties": {
        "fid": 15,
        "zona": 2,
        "areaprogr": "07",
        "cpc": "PUEYRREDON",
        "id": "APa7",
        "SHAPE__Length": 13446.0494861892,
        "objectid": 15,
        "denomina": "PUEYRREDON",
        "SHAPE__Area": 4704829.62810477
      }
    },
    {
      "geometry": {
        "type": "Polygon",
        "coordinates": [
          [
            [-64.1278007261596, -31.4205293725575],
            [-64.1288761225285, -31.4204935442199],
            [-64.1342228321922, -31.4203540746796],
            [-64.1374160402752, -31.420062178542],
            [-64.1448776032298, -31.4194290080205],
            [-64.1454449036739, -31.4193185022178],
            [-64.1462002922715, -31.4195094422071],
            [-64.1474291621402, -31.4295544997053],
            [-64.1479786287546, -31.4304985103536],
            [-64.1463163040108, -31.431219765619],
            [-64.1453172660414, -31.4315766974808],
            [-64.1440606854949, -31.431891056204],
            [-64.1426031786577, -31.4321149369511],
            [-64.140122179011, -31.4325352652776],
            [-64.138947647747, -31.4326937537365],
            [-64.1383791905291, -31.4328104457582],
            [-64.1377002010458, -31.4329501915939],
            [-64.1366418649844, -31.4333975926908],
            [-64.1359341932051, -31.4337183055958],
            [-64.1349278394302, -31.434226000913],
            [-64.1343531291332, -31.4346237700302],
            [-64.1336367219217, -31.4352213089426],
            [-64.1329861931581, -31.4358214709062],
            [-64.1314753687118, -31.4346661859335],
            [-64.1313333246811, -31.4344427276065],
            [-64.1306975985741, -31.4339985572192],
            [-64.1300128177467, -31.4335088937549],
            [-64.1297987191735, -31.4333470619283],
            [-64.1271688860687, -31.4314681889263],
            [-64.127138002459, -31.429727249999],
            [-64.1233175563166, -31.4296918434885],
            [-64.1233046070261, -31.4286058552868],
            [-64.1192876974453, -31.4285849290451],
            [-64.1192867004435, -31.4275497520537],
            [-64.1192356515087, -31.4235916100649],
            [-64.1192298746036, -31.4226561805056],
            [-64.1192257434348, -31.4217540903724],
            [-64.1192332812856, -31.4215402347017],
            [-64.1192425162392, -31.4207230245324],
            [-64.1244062729119, -31.4207041788912],
            [-64.1266494367369, -31.4206449372451],
            [-64.126668900014, -31.4209874378693],
            [-64.1277755113289, -31.4209908828292],
            [-64.1278007261596, -31.4205293725575]
          ]
        ],
        "crs": null
      },
      "id": 16,
      "type": "Feature",
      "properties": {
        "fid": 16,
        "zona": 2,
        "areaprogr": "08",
        "cpc": "EMPALME",
        "id": "APa8",
        "SHAPE__Length": 9545.40584713675,
        "objectid": 16,
        "denomina": "ACOSTA",
        "SHAPE__Area": 4690379.00189484
      }
    },
    {
      "geometry": {
        "type": "Polygon",
        "coordinates": [
          [
            [-64.1234564154555, -31.4558121094305],
            [-64.1220492635592, -31.4565949007889],
            [-64.1214645398765, -31.4568354205877],
            [-64.1204280122448, -31.4569665499735],
            [-64.1185914353511, -31.4570137899506],
            [-64.1166638748485, -31.4570579002221],
            [-64.1144815491137, -31.4570924986668],
            [-64.1133540300552, -31.4571120529143],
            [-64.1120185507864, -31.4570927410626],
            [-64.1114797253698, -31.4570849456795],
            [-64.1117736379764, -31.4568009203175],
            [-64.1137589298262, -31.4548623236986],
            [-64.1159719134474, -31.4527089098599],
            [-64.1176902590823, -31.4510512289171],
            [-64.1199968979547, -31.448754250935],
            [-64.1203001859734, -31.4484522214979],
            [-64.1215708525833, -31.4472059574729],
            [-64.1243043733802, -31.44450496351],
            [-64.1244756695555, -31.4443273029646],
            [-64.1257914100503, -31.4443469063142],
            [-64.1279131556765, -31.4443618119386],
            [-64.1293910490759, -31.4443027961332],
            [-64.130505752584, -31.4442588299514],
            [-64.1305061642536, -31.4443282429037],
            [-64.1310188774976, -31.4443085815713],
            [-64.1315344234835, -31.4442936682937],
            [-64.1318809191048, -31.444285566693],
            [-64.1323518807618, -31.4442204746249],
            [-64.1332874798825, -31.4440944598755],
            [-64.1338432394854, -31.447163274477],
            [-64.1344801498809, -31.4495424235128],
            [-64.1342635318474, -31.4496615755997],
            [-64.1334629445351, -31.4501650179535],
            [-64.1322168519616, -31.4508874256497],
            [-64.130607602826, -31.4518196359881],
            [-64.1297084645904, -31.4523359302117],
            [-64.1288029566872, -31.452842532933],
            [-64.1275826221663, -31.4535252499012],
            [-64.1264842135508, -31.4541327364778],
            [-64.1259978753015, -31.4543991573651],
            [-64.1245608620153, -31.4551952940379],
            [-64.1234564154555, -31.4558121094305]
          ]
        ],
        "crs": null
      },
      "id": 17,
      "type": "Feature",
      "properties": {
        "fid": 17,
        "zona": 3,
        "areaprogr": "96",
        "cpc": "EMPALME",
        "id": "AP96",
        "SHAPE__Length": 6768.91845899065,
        "objectid": 17,
        "denomina": "JOSE IGNACIO DIAZ I",
        "SHAPE__Area": 2282352.36819031
      }
    },
    {
      "geometry": {
        "type": "Polygon",
        "coordinates": [
          [
            [-64.1490550659608, -31.4415688108057],
            [-64.1481017750741, -31.4411068645517],
            [-64.1466725707473, -31.4398970098811],
            [-64.1452580170078, -31.4389355158713],
            [-64.1444472620392, -31.4380481352378],
            [-64.143836855041, -31.4364730793614],
            [-64.1437654951238, -31.4353703441632],
            [-64.1440538507285, -31.4342942164922],
            [-64.1443779410523, -31.4332972921314],
            [-64.1447864275697, -31.43256800022],
            [-64.1453470497511, -31.4319566314583],
            [-64.1463119182823, -31.4312223606111],
            [-64.1511553458436, -31.4291312331969],
            [-64.1542353581803, -31.427890807396],
            [-64.1559917537824, -31.4272387941608],
            [-64.1568804714911, -31.427107390923],
            [-64.1569711831682, -31.4270909541903],
            [-64.1570812711276, -31.4279371585798],
            [-64.1571334440886, -31.4370453834823],
            [-64.1576747099466, -31.4373390881084],
            [-64.1555847010109, -31.440169280247],
            [-64.1554029103172, -31.4403134330524],
            [-64.1551497529113, -31.4403331933517],
            [-64.153474236258, -31.440521825188],
            [-64.1515189633573, -31.4408575051086],
            [-64.1514892095477, -31.4408615295367],
            [-64.1501314348001, -31.4412100931968],
            [-64.1490550659608, -31.4415688108057]
          ]
        ],
        "crs": null
      },
      "id": 18,
      "type": "Feature",
      "properties": {
        "fid": 18,
        "zona": 3,
        "areaprogr": "38",
        "cpc": "EMPALME",
        "id": "AP38",
        "SHAPE__Length": 5554.98028740168,
        "objectid": 18,
        "denomina": "GENERAL URQUIZA",
        "SHAPE__Area": 2033262.5502577
      }
    },
    {
      "geometry": {
        "type": "Polygon",
        "coordinates": [
          [
            [-64.172781282886, -31.4409702070695],
            [-64.1709791235182, -31.4407186956448],
            [-64.1687460594044, -31.4404749371257],
            [-64.1687538900682, -31.4405973689376],
            [-64.1687590075676, -31.4425992199939],
            [-64.1687624533582, -31.444208092709],
            [-64.1687642045668, -31.44460683411],
            [-64.1687669896465, -31.4452406885286],
            [-64.16877121857, -31.4462033279619],
            [-64.1687747448227, -31.4469194658739],
            [-64.1687774897653, -31.4476286587644],
            [-64.1687780773014, -31.4477805303681],
            [-64.1674474014413, -31.4478043869874],
            [-64.1667678773855, -31.4480715130534],
            [-64.1620200233777, -31.4481101568214],
            [-64.1618979990359, -31.4417103513748],
            [-64.161864995934, -31.4408998383447],
            [-64.1618541106775, -31.4403934960486],
            [-64.1554029103172, -31.4403134330524],
            [-64.1555847010109, -31.440169280247],
            [-64.1576747099466, -31.4373390881084],
            [-64.1571334440886, -31.4370453834823],
            [-64.1570812711276, -31.4279371585798],
            [-64.1569834080298, -31.4271758220295],
            [-64.1569711831682, -31.4270909541903],
            [-64.1571825371957, -31.4270526563393],
            [-64.1584209795967, -31.426819243482],
            [-64.1592204992477, -31.4266975025851],
            [-64.1612921582695, -31.426349790287],
            [-64.1623219138949, -31.4261729317673],
            [-64.1650630943266, -31.4256883573056],
            [-64.1678175166873, -31.4285401573031],
            [-64.1690372493502, -31.4296652778612],
            [-64.1700801465662, -31.4295463506578],
            [-64.1700580261034, -31.4317069796819],
            [-64.1698150660883, -31.4319004578469],
            [-64.1698174410998, -31.4320916957],
            [-64.1699533983256, -31.4322625880817],
            [-64.1698492455185, -31.4328564451972],
            [-64.1696532642623, -31.4332407545076],
            [-64.1704892946655, -31.4331733224997],
            [-64.1720599008979, -31.4330466263487],
            [-64.1725997071081, -31.4334050799962],
            [-64.1733395352021, -31.4337043225328],
            [-64.1741220080707, -31.4338597490517],
            [-64.174620038337, -31.4337528757579],
            [-64.1754055300209, -31.4334944858196],
            [-64.1761268354579, -31.4332173590255],
            [-64.1763649514851, -31.4365424496539],
            [-64.1767149908688, -31.4414299260632],
            [-64.172781282886, -31.4409702070695]
          ]
        ],
        "crs": null
      },
      "id": 19,
      "type": "Feature",
      "properties": {
        "fid": 19,
        "zona": 3,
        "areaprogr": "11",
        "cpc": "EMPALME",
        "id": "AP11",
        "SHAPE__Length": 10229.7931886929,
        "objectid": 19,
        "denomina": "COLON",
        "SHAPE__Area": 3988115.12498734
      }
    },
    {
      "geometry": {
        "type": "Polygon",
        "coordinates": [
          [
            [-64.162018853767, -31.4481101674326],
            [-64.160396280723, -31.4481010203952],
            [-64.1532779914005, -31.4480497577952],
            [-64.1524777636447, -31.4480442000121],
            [-64.152516601141, -31.4497155816542],
            [-64.1524989275705, -31.4512287276796],
            [-64.1518438396873, -31.4512332564379],
            [-64.1518617638739, -31.4497052579061],
            [-64.1518793860667, -31.4480422645475],
            [-64.1490375624533, -31.4480383595324],
            [-64.1490561523552, -31.4474022045282],
            [-64.1490704728083, -31.4466286222083],
            [-64.1491208631931, -31.445412869778],
            [-64.1491666911368, -31.4439966068152],
            [-64.1492247137783, -31.4426570463401],
            [-64.1492569582888, -31.4419126053878],
            [-64.149053896426, -31.4415688212966],
            [-64.1501302652702, -31.4412101036975],
            [-64.1514880400227, -31.4408615400497],
            [-64.1536080800035, -31.4404997546084],
            [-64.1553453293816, -31.4403127421565],
            [-64.1590470802722, -31.440361806594],
            [-64.1618529411626, -31.440393506656],
            [-64.161864995934, -31.4408998383447],
            [-64.1618991474032, -31.4417385452045],
            [-64.162018853767, -31.4481101674326]
          ]
        ],
        "crs": null
      },
      "id": 20,
      "type": "Feature",
      "properties": {
        "fid": 20,
        "zona": 3,
        "areaprogr": "27",
        "cpc": "EMPALME",
        "id": "AP27",
        "SHAPE__Length": 5586.98911833482,
        "objectid": 20,
        "denomina": "PILAR",
        "SHAPE__Area": 1424903.55105767
      }
    },
    {
      "geometry": {
        "type": "Polygon",
        "coordinates": [
          [
            [-64.1998547517341, -31.4663093665862],
            [-64.1920574560329, -31.4673121123512],
            [-64.1911341613127, -31.4635746335988],
            [-64.1905698884863, -31.4614427260591],
            [-64.1903451819204, -31.4606893131696],
            [-64.1902304862946, -31.460248544036],
            [-64.1906881259442, -31.4599644883969],
            [-64.1912781954048, -31.4596007834615],
            [-64.1928487750531, -31.4585973526862],
            [-64.1966308857376, -31.4579727618653],
            [-64.2005888663197, -31.4571872181155],
            [-64.2006371553278, -31.4571191280917],
            [-64.2084611628179, -31.4555233230326],
            [-64.2089939925406, -31.4573067462717],
            [-64.2115777620222, -31.4581608311778],
            [-64.2146650392305, -31.459147354381],
            [-64.2153929103242, -31.459564463737],
            [-64.2155097742835, -31.459565416025],
            [-64.2154860482991, -31.4597052260589],
            [-64.2165430853567, -31.4639739474877],
            [-64.2120567029524, -31.4645667871508],
            [-64.2061708257936, -31.4653050526884],
            [-64.2049181924727, -31.4654155472857],
            [-64.2043805967102, -31.4656660096894],
            [-64.2035475509562, -31.4658238129594],
            [-64.2018880070415, -31.4660302712619],
            [-64.1998547517341, -31.4663093665862]
          ]
        ],
        "crs": null
      },
      "id": 21,
      "type": "Feature",
      "properties": {
        "fid": 21,
        "zona": 4,
        "areaprogr": "45",
        "cpc": "LIBERTADOR",
        "id": "AP45",
        "SHAPE__Length": 7472.5217662884,
        "objectid": 21,
        "denomina": "CABO FARINA",
        "SHAPE__Area": 2932822.47481381
      }
    },
    {
      "geometry": {
        "type": "Polygon",
        "coordinates": [
          [
            [-64.1867296799845, -31.4426932140117],
            [-64.1977960852132, -31.4440442367698],
            [-64.211464383919, -31.4457913672446],
            [-64.2130798191446, -31.4513303604319],
            [-64.2144333820467, -31.4561492492178],
            [-64.2145892979865, -31.456077859049],
            [-64.2155138101045, -31.4595636381365],
            [-64.2153920382365, -31.4595647939582],
            [-64.2146288328736, -31.4591080418737],
            [-64.2115574201346, -31.4581512020789],
            [-64.2089975321803, -31.4572952509094],
            [-64.2084614167056, -31.4555245795574],
            [-64.2006191437442, -31.4571192969591],
            [-64.2005840080476, -31.4571891114643],
            [-64.1966400034738, -31.4579672026963],
            [-64.1928381617369, -31.4585971584611],
            [-64.1925677990337, -31.4585479759432],
            [-64.192674580667, -31.4579369104163],
            [-64.1922291720994, -31.4563562749747],
            [-64.1894064798214, -31.4569645441165],
            [-64.189346919034, -31.456977976016],
            [-64.1890755847357, -31.4559469826972],
            [-64.1887535189392, -31.4549565493735],
            [-64.1884873222885, -31.4541677477922],
            [-64.1881298194871, -31.4543149828481],
            [-64.1866914789945, -31.4543210240954],
            [-64.186722269479, -31.442843253769],
            [-64.1867296799845, -31.4426932140117]
          ]
        ],
        "crs": null
      },
      "id": 22,
      "type": "Feature",
      "properties": {
        "fid": 22,
        "zona": 4,
        "areaprogr": "40",
        "cpc": "LIBERTADOR",
        "id": "AP40",
        "SHAPE__Length": 10230.9511127879,
        "objectid": 22,
        "denomina": "LAS FLORES",
        "SHAPE__Area": 4902854.23862381
      }
    },
    {
      "geometry": {
        "type": "Polygon",
        "coordinates": [
          [
            [-64.1688339469515, -31.4584737082445],
            [-64.168834097052, -31.4584907889809],
            [-64.1689144150405, -31.4586994545996],
            [-64.1689397974301, -31.4637216261103],
            [-64.1689519509671, -31.4655934135837],
            [-64.1686466659269, -31.4669414295377],
            [-64.1683792676423, -31.468546484451],
            [-64.1683027128303, -31.4690512469166],
            [-64.1683465450258, -31.4698979601007],
            [-64.168893648502, -31.4713270301503],
            [-64.1690054477229, -31.4719827601448],
            [-64.1689470428498, -31.4724956852077],
            [-64.1689749763128, -31.4805493409497],
            [-64.1690219826177, -31.4873063684537],
            [-64.1690527130461, -31.4995726240451],
            [-64.1693002103545, -31.5125430713064],
            [-64.1693951077198, -31.5194760367475],
            [-64.1689099971184, -31.5253714483119],
            [-64.152303631707, -31.52547572501],
            [-64.149336864298, -31.5254853521971],
            [-64.1492899118121, -31.5122119166298],
            [-64.1492772919797, -31.5086406372651],
            [-64.149246608123, -31.4999511876763],
            [-64.1492206687802, -31.4896795617965],
            [-64.1492091222436, -31.4886150446774],
            [-64.1491952994392, -31.4873407200617],
            [-64.1491812744155, -31.4838906017202],
            [-64.1491752557658, -31.4831315864272],
            [-64.1491640947661, -31.4817239104218],
            [-64.1491629454522, -31.4815789230788],
            [-64.1494430924949, -31.4815763320324],
            [-64.14996914606, -31.4815716153311],
            [-64.1499622851917, -31.4810107217885],
            [-64.1499527134825, -31.4802281838147],
            [-64.1499607904025, -31.4792656182818],
            [-64.1499829439318, -31.478503363616],
            [-64.1491472787573, -31.4785174718857],
            [-64.1491824274453, -31.4754600469388],
            [-64.1492216565895, -31.4743354790944],
            [-64.1492692575734, -31.4734640376595],
            [-64.1492655312732, -31.4730644114826],
            [-64.149559591553, -31.4730544198438],
            [-64.1495189781688, -31.4695895124455],
            [-64.1483443649402, -31.4695623870311],
            [-64.148396483339, -31.4691953913448],
            [-64.1486538652776, -31.4672676320106],
            [-64.1493492988986, -31.4652386817106],
            [-64.1497642394927, -31.4641009382034],
            [-64.1500325051803, -31.4635513629684],
            [-64.1506743663558, -31.4622323969777],
            [-64.1512378602134, -31.4609309692051],
            [-64.1515499526749, -31.4599516812761],
            [-64.1517349030124, -31.459015625547],
            [-64.1517410560023, -31.4585946874926],
            [-64.1560406370141, -31.4585925482403],
            [-64.1619635629893, -31.4585457753721],
            [-64.1688339469515, -31.4584737082445]
          ]
        ],
        "crs": null
      },
      "id": 43,
      "type": "Feature",
      "properties": {
        "fid": 43,
        "zona": 3,
        "areaprogr": "75",
        "cpc": "EMPALME",
        "id": "AP75",
        "SHAPE__Length": 21968.6581543842,
        "objectid": 44,
        "denomina": "LOS CERVECEROS",
        "SHAPE__Area": 19076470.8554736
      }
    },
    {
      "geometry": {
        "type": "Polygon",
        "coordinates": [
          [
            [-64.2114707897807, -31.4457846522265],
            [-64.1977960852132, -31.4440442367698],
            [-64.1943796237278, -31.4336014413442],
            [-64.1940690919057, -31.4336179343925],
            [-64.1939049325637, -31.4335762946307],
            [-64.1937601791497, -31.4335051803143],
            [-64.1936602380433, -31.4334228545418],
            [-64.1934919954335, -31.4332008630591],
            [-64.1934352329817, -31.4329503177596],
            [-64.1934880773153, -31.432831965114],
            [-64.193576149923, -31.4327187654588],
            [-64.1937072999957, -31.4326097320555],
            [-64.1939749350862, -31.4324723416411],
            [-64.1919859194542, -31.4277609794518],
            [-64.1915884137779, -31.4268183641125],
            [-64.1914654710041, -31.4265268874285],
            [-64.1924485911894, -31.4262142603956],
            [-64.1928558096203, -31.4260847646104],
            [-64.1930928294568, -31.4265269752164],
            [-64.1935690047511, -31.4263910075412],
            [-64.1939674250285, -31.4266728749503],
            [-64.1944805234591, -31.4268785231783],
            [-64.1946915706423, -31.4269711330115],
            [-64.1947611434006, -31.4271547126556],
            [-64.1950160843789, -31.4277329925902],
            [-64.1951960594791, -31.4279613776716],
            [-64.195993753265, -31.4284672080664],
            [-64.1966168062164, -31.4289129337281],
            [-64.1979514408239, -31.4302373061594],
            [-64.1980648377407, -31.4303984301538],
            [-64.1984533753112, -31.4314872152241],
            [-64.1986625249523, -31.4316605110228],
            [-64.2003779746183, -31.4320151047006],
            [-64.2005801191371, -31.4320979671865],
            [-64.2007157888875, -31.43220807109],
            [-64.2008198219492, -31.4324196851024],
            [-64.200784051673, -31.4330117546147],
            [-64.2008337586447, -31.4333753294789],
            [-64.2009135115992, -31.4336687856122],
            [-64.2010909387923, -31.4340175691529],
            [-64.2012789300599, -31.4342568295856],
            [-64.2016331660695, -31.4345603436758],
            [-64.2022307736897, -31.4348836358618],
            [-64.2024001866392, -31.4355225189778],
            [-64.2022376388209, -31.4355465193938],
            [-64.2023523470834, -31.4359672821511],
            [-64.202487534417, -31.4364977424816],
            [-64.2026382842127, -31.4370892794153],
            [-64.202751622682, -31.437534003858],
            [-64.2048611305949, -31.4371361119016],
            [-64.2058788825988, -31.4369416622415],
            [-64.206488499388, -31.4373191945575],
            [-64.2065482463654, -31.4374674284204],
            [-64.2066884676272, -31.4380210588385],
            [-64.2074639600466, -31.4387483852256],
            [-64.2074914620487, -31.4388428176374],
            [-64.208786442355, -31.4386217584966],
            [-64.2090183382042, -31.4383894016859],
            [-64.2090277764369, -31.4383920504971],
            [-64.2091493468298, -31.4384005028073],
            [-64.2092379414707, -31.4383978584154],
            [-64.2093655700072, -31.4383808160416],
            [-64.2094108486781, -31.4383708555662],
            [-64.2094942179245, -31.4383467576261],
            [-64.2095744844102, -31.4383158721644],
            [-64.2096508998187, -31.438278490323],
            [-64.2096828198779, -31.4382591508411],
            [-64.2097176306147, -31.4382383628049],
            [-64.2097893655389, -31.4381856844302],
            [-64.2101096947434, -31.4378337548926],
            [-64.2103528473613, -31.4375553503983],
            [-64.2105586375249, -31.4373197258722],
            [-64.2106837491719, -31.4371149748752],
            [-64.2107087412039, -31.4370412873428],
            [-64.2107308608355, -31.4369720241671],
            [-64.2107923738117, -31.4366853605133],
            [-64.2108751317566, -31.4365596265243],
            [-64.2110874675979, -31.4363701840016],
            [-64.2114492254297, -31.4361694651427],
            [-64.2116929540611, -31.4360356269282],
            [-64.2122531840376, -31.4357606854471],
            [-64.2123565074788, -31.435743267733],
            [-64.212469675718, -31.4357422859938],
            [-64.2125133735964, -31.4357450341502],
            [-64.213512548561, -31.4395209082984],
            [-64.2140064924793, -31.4397054046735],
            [-64.216477902873, -31.4406284789447],
            [-64.2170654367031, -31.440680401754],
            [-64.2191912232339, -31.4414268949537],
            [-64.2202294468808, -31.44158473324],
            [-64.2209181501962, -31.4429726317225],
            [-64.2220249062196, -31.444270282307],
            [-64.2235573417368, -31.4447731843498],
            [-64.2263157869823, -31.4454224706272],
            [-64.22668258707, -31.4457340441599],
            [-64.2275250019996, -31.447335831426],
            [-64.2282051201253, -31.4482438106197],
            [-64.2130670865439, -31.4513464583188],
            [-64.2114707897807, -31.4457846522265]
          ]
        ],
        "crs": null
      },
      "id": 23,
      "type": "Feature",
      "properties": {
        "fid": 23,
        "zona": 4,
        "areaprogr": "39",
        "cpc": "RUTA 20, CENTRAL",
        "id": "AP39",
        "SHAPE__Length": 12797.6541271356,
        "objectid": 23,
        "denomina": "FERRER",
        "SHAPE__Area": 4265010.16881528
      }
    },
    {
      "geometry": {
        "type": "Polygon",
        "coordinates": [
          [
            [-64.2124509975069, -31.435509304907],
            [-64.2125133735964, -31.4357450341502],
            [-64.2124792204026, -31.4357421063799],
            [-64.2123565074788, -31.435743267733],
            [-64.2122531840376, -31.4357606854471],
            [-64.211883502849, -31.4359417535457],
            [-64.2116929540611, -31.4360356269282],
            [-64.2113768731679, -31.4362096106245],
            [-64.2110874675979, -31.4363701840016],
            [-64.2108751317566, -31.4365596265243],
            [-64.2107923738117, -31.4366853605133],
            [-64.2107308608355, -31.4369720241671],
            [-64.2107087412039, -31.4370412873428],
            [-64.2106837491719, -31.4371149748752],
            [-64.2105586375249, -31.4373197258722],
            [-64.2103528473613, -31.4375553503983],
            [-64.2101096947434, -31.4378337548926],
            [-64.2097893655389, -31.4381856844302],
            [-64.2097176306147, -31.4382383628049],
            [-64.2096828198779, -31.4382591508411],
            [-64.2096508998187, -31.438278490323],
            [-64.2095744844102, -31.4383158721644],
            [-64.2094942179245, -31.4383467576261],
            [-64.2094108486781, -31.4383708555662],
            [-64.2093570640359, -31.4383824546665],
            [-64.2092379414707, -31.4383978584154],
            [-64.2091493468298, -31.4384005028073],
            [-64.2090277764369, -31.4383920504971],
            [-64.2090183382042, -31.4383894016859],
            [-64.208786442355, -31.4386217584966],
            [-64.2084658927636, -31.4386814704797],
            [-64.2074914620487, -31.4388428176374],
            [-64.2074639600466, -31.4387483852256],
            [-64.2066884676272, -31.4380210588385],
            [-64.2065482463654, -31.4374674284204],
            [-64.206488499388, -31.4373191945575],
            [-64.2058788825988, -31.4369416622415],
            [-64.202751622682, -31.437534003858],
            [-64.202487534417, -31.4364977424816],
            [-64.2022376388209, -31.4355465193938],
            [-64.2024001866392, -31.4355225189778],
            [-64.2023737099542, -31.4354220705583],
            [-64.2022853989807, -31.4350894085007],
            [-64.2022351776127, -31.4348848841213],
            [-64.2016331660695, -31.4345603436758],
            [-64.2012705863953, -31.4342477571603],
            [-64.2010463339154, -31.4339463331416],
            [-64.2009094680295, -31.4336577664272],
            [-64.2008223750043, -31.4333175426986],
            [-64.2007898908915, -31.4330848411684],
            [-64.2008179283407, -31.4324128833647],
            [-64.2007068681697, -31.4321963671374],
            [-64.2005801191371, -31.4320979671865],
            [-64.2003779746183, -31.4320151047006],
            [-64.1992396836223, -31.4317863070361],
            [-64.1986689442063, -31.4316638571023],
            [-64.1984412236371, -31.4314709348827],
            [-64.1980869082116, -31.43044557153],
            [-64.1979514408239, -31.4302373061594],
            [-64.1966168062164, -31.4289129337281],
            [-64.195993753265, -31.4284672080664],
            [-64.1951960594791, -31.4279613776716],
            [-64.1950160843789, -31.4277329925902],
            [-64.1946915706423, -31.4269711330115],
            [-64.1951802347633, -31.4271737578787],
            [-64.1958372449932, -31.4275300159891],
            [-64.197123403249, -31.4281974508008],
            [-64.1978651435239, -31.4284302241849],
            [-64.1997651093659, -31.4288737610222],
            [-64.2030276081537, -31.4286357538933],
            [-64.203826345233, -31.4285921792842],
            [-64.2044116238937, -31.4284765164566],
            [-64.2062380941138, -31.4280329161848],
            [-64.2072393373097, -31.427789018364],
            [-64.2075811770998, -31.4277242214692],
            [-64.2079659039298, -31.4277413356047],
            [-64.2082540010949, -31.4278136830415],
            [-64.2084339461754, -31.4278891709662],
            [-64.2087081601076, -31.4280661454551],
            [-64.2098553304775, -31.4288059308563],
            [-64.2104113839504, -31.4294246368825],
            [-64.210642185892, -31.4299099424745],
            [-64.2107884154881, -31.4300686262772],
            [-64.2109338785544, -31.4301597058477],
            [-64.2111432877553, -31.4302152302797],
            [-64.2113825361982, -31.4311906235127],
            [-64.212050756545, -31.4339147730991],
            [-64.2124509975069, -31.435509304907]
          ]
        ],
        "crs": null
      },
      "id": 24,
      "type": "Feature",
      "properties": {
        "fid": 24,
        "zona": 4,
        "areaprogr": "44",
        "cpc": "RUTA 20",
        "id": "AP44",
        "SHAPE__Length": 6007.73577871602,
        "objectid": 24,
        "denomina": "BELLA VISTA",
        "SHAPE__Area": 1537015.79159002
      }
    },
    {
      "geometry": {
        "type": "Polygon",
        "coordinates": [
          [
            [-64.202675702932, -31.4285809134091],
            [-64.1997651093659, -31.4288737610222],
            [-64.1978651435239, -31.4284302241849],
            [-64.197123403249, -31.4281974508008],
            [-64.1958372449932, -31.4275300159891],
            [-64.1951802347633, -31.4271737578787],
            [-64.1946915706423, -31.4269711330115],
            [-64.1944805234591, -31.4268785231783],
            [-64.1939674250285, -31.4266728749503],
            [-64.1935690047511, -31.4263910075412],
            [-64.1930928294568, -31.4265269752164],
            [-64.1928558096203, -31.4260847646104],
            [-64.1924485911894, -31.4262142603956],
            [-64.1914654710041, -31.4265268874285],
            [-64.1854618622875, -31.4284032786044],
            [-64.1853317273758, -31.4282481849078],
            [-64.1851529951047, -31.4281440141566],
            [-64.1850154930684, -31.4280821608608],
            [-64.184799468496, -31.4280480852217],
            [-64.1847363729111, -31.4280486686554],
            [-64.1845789777403, -31.4280771765087],
            [-64.1840287784183, -31.4267888015475],
            [-64.1835197541038, -31.4255968071024],
            [-64.1825400852009, -31.4232707111849],
            [-64.1814346542154, -31.4206458538613],
            [-64.1799957628167, -31.4171862156754],
            [-64.1853170721699, -31.4156118735742],
            [-64.1915134497518, -31.4137956464659],
            [-64.1905220907917, -31.4168141892957],
            [-64.1904188430914, -31.417103406794],
            [-64.1902942773788, -31.4174523391987],
            [-64.1900610901965, -31.4181055330395],
            [-64.1913288683133, -31.4177518860566],
            [-64.1921104515481, -31.4175162264072],
            [-64.1934429112867, -31.4171144540058],
            [-64.1947397297486, -31.4167072583365],
            [-64.1967499233812, -31.4160760322881],
            [-64.1973428508558, -31.4158878813916],
            [-64.1987100875501, -31.4154759335048],
            [-64.1993517156491, -31.417206848748],
            [-64.2001666003237, -31.4194270080011],
            [-64.2012199900758, -31.422380464021],
            [-64.2023777161803, -31.4255598841508],
            [-64.2028023398012, -31.4275092002315],
            [-64.2030276081537, -31.4286357538933],
            [-64.202675702932, -31.4285809134091]
          ]
        ],
        "crs": null
      },
      "id": 25,
      "type": "Feature",
      "properties": {
        "fid": 25,
        "zona": 4,
        "areaprogr": "43",
        "cpc": "CENTRAL",
        "id": "AP43",
        "SHAPE__Length": 8505.19367830061,
        "objectid": 25,
        "denomina": "GUEMES",
        "SHAPE__Area": 3221396.0456713
      }
    },
    {
      "geometry": {
        "type": "Polygon",
        "coordinates": [
          [
            [-64.204289945677, -31.4039204133615],
            [-64.205115396125, -31.4029350963247],
            [-64.2050852722566, -31.4005777346176],
            [-64.2089923270371, -31.3994196266877],
            [-64.213424426636, -31.4104184085571],
            [-64.2056972797576, -31.4129494566865],
            [-64.2034799647421, -31.413590605124],
            [-64.2023724515109, -31.413969436685],
            [-64.2018735753615, -31.4142392443963],
            [-64.2011282702166, -31.4146423221135],
            [-64.2001471445072, -31.4150410326755],
            [-64.1987100875501, -31.4154759335048],
            [-64.1973428508558, -31.4158878813916],
            [-64.1969193519797, -31.4147284015667],
            [-64.1960875971996, -31.4124550271191],
            [-64.1940458651687, -31.4069776853454],
            [-64.1938640660886, -31.40651934977],
            [-64.1959046982299, -31.4061840576163],
            [-64.1968410295994, -31.4060028073893],
            [-64.1993479699237, -31.4054330900726],
            [-64.2011819530353, -31.4046683709125],
            [-64.204289945677, -31.4039204133615]
          ]
        ],
        "crs": null
      },
      "id": 26,
      "type": "Feature",
      "properties": {
        "fid": 26,
        "zona": 0,
        "areaprogr": "DO",
        "cpc": "CENTRAL",
        "id": "DO99",
        "SHAPE__Length": 6869.32980310707,
        "objectid": 26,
        "denomina": "DEM (O)",
        "SHAPE__Area": 2459107.0375949
      }
    },
    {
      "geometry": {
        "type": "Polygon",
        "coordinates": [
          [
            [-64.2225572375972, -31.3953359667965],
            [-64.2229825681172, -31.3952041774391],
            [-64.2236122554116, -31.3946518867478],
            [-64.2248310468985, -31.3943367924228],
            [-64.2259013793283, -31.3939462728853],
            [-64.2278308963905, -31.3932422432433],
            [-64.2287513361315, -31.3929063849044],
            [-64.2298211442201, -31.3926948655689],
            [-64.2327552939052, -31.3915166190598],
            [-64.235615939768, -31.3975269276535],
            [-64.2365472285737, -31.3995305618631],
            [-64.2342256543109, -31.4003619228287],
            [-64.2335717570051, -31.4003871712372],
            [-64.2326011575643, -31.400475283483],
            [-64.2318939775366, -31.400838476511],
            [-64.2323191993616, -31.4016308095781],
            [-64.2306351285154, -31.4020490889727],
            [-64.2281701407427, -31.40236271985],
            [-64.2259289357702, -31.4029451664474],
            [-64.2225572375972, -31.3953359667965]
          ]
        ],
        "crs": null
      },
      "id": 27,
      "type": "Feature",
      "properties": {
        "fid": 27,
        "zona": 5,
        "areaprogr": "29",
        "cpc": "COLON",
        "id": "AP29",
        "SHAPE__Length": 4839.38269806102,
        "objectid": 27,
        "denomina": "VILLA SIBURU",
        "SHAPE__Area": 1406658.62405285
      }
    },
    {
      "geometry": {
        "type": "Polygon",
        "coordinates": [
          [
            [-64.2578410160246, -31.3945199472866],
            [-64.2532294927766, -31.3962058861024],
            [-64.2523284219062, -31.3965022074213],
            [-64.2458385550568, -31.3962232494194],
            [-64.2405814355045, -31.3959616053482],
            [-64.239398059597, -31.3963293407804],
            [-64.2383391745572, -31.3966583783466],
            [-64.235615939768, -31.3975269276535],
            [-64.2327552939052, -31.3915166190598],
            [-64.2331506440848, -31.3913566424522],
            [-64.2342658184467, -31.3909692407422],
            [-64.2367410186778, -31.3896594803369],
            [-64.2370512563962, -31.3899043733451],
            [-64.2385892409378, -31.3892697200969],
            [-64.2400918511829, -31.3886857081866],
            [-64.241422868268, -31.387954036841],
            [-64.241925907314, -31.387722222251],
            [-64.2428886661369, -31.3872785484779],
            [-64.24328625617, -31.3869296741569],
            [-64.2434119671753, -31.386295918768],
            [-64.2441039477053, -31.3853979057997],
            [-64.245680778434, -31.3847814748755],
            [-64.2461315497793, -31.3856855738761],
            [-64.2467257282642, -31.3868972427536],
            [-64.2470230617171, -31.38752110843],
            [-64.2487552474245, -31.386923900825],
            [-64.2510407462476, -31.3860841674103],
            [-64.253408040318, -31.3851965568556],
            [-64.2545958188212, -31.3878697789402],
            [-64.2557973850072, -31.3903321933834],
            [-64.2578410160246, -31.3945199472866]
          ]
        ],
        "crs": null
      },
      "id": 28,
      "type": "Feature",
      "properties": {
        "fid": 28,
        "zona": 5,
        "areaprogr": "52",
        "cpc": "COLON",
        "id": "AP52",
        "SHAPE__Length": 7653.19273700952,
        "objectid": 28,
        "denomina": "VILLA URQUIZA",
        "SHAPE__Area": 2848821.01972296
      }
    },
    {
      "geometry": {
        "type": "Polygon",
        "coordinates": [
          [
            [-64.2023724515109, -31.413969436685],
            [-64.2027893375598, -31.4140504268167],
            [-64.2034843981704, -31.4141709254821],
            [-64.2044196346772, -31.4141883219172],
            [-64.2052966642405, -31.4146341442167],
            [-64.2071778785457, -31.4156564715194],
            [-64.2075900467053, -31.4171296501619],
            [-64.2090365056388, -31.42234425896],
            [-64.2117545850962, -31.4218283775856],
            [-64.2131232451502, -31.4271042257426],
            [-64.2149900038994, -31.4267424625088],
            [-64.2153832236739, -31.4280594044167],
            [-64.2149531020709, -31.4281470408075],
            [-64.2155543440252, -31.4305310996611],
            [-64.2140107256175, -31.4304506236879],
            [-64.2132919886835, -31.4303691171016],
            [-64.2119878672778, -31.4302807094258],
            [-64.2111432877553, -31.4302152302797],
            [-64.2109338785544, -31.4301597058477],
            [-64.2107884154881, -31.4300686262772],
            [-64.210642185892, -31.4299099424745],
            [-64.2104113839504, -31.4294246368825],
            [-64.2098553304775, -31.4288059308563],
            [-64.2087081601076, -31.4280661454551],
            [-64.2084339461754, -31.4278891709662],
            [-64.2082540010949, -31.4278136830415],
            [-64.2079659039298, -31.4277413356047],
            [-64.2075811770998, -31.4277242214692],
            [-64.2072393373097, -31.427789018364],
            [-64.2062380941138, -31.4280329161848],
            [-64.2044116238937, -31.4284765164566],
            [-64.203826345233, -31.4285921792842],
            [-64.2030276081537, -31.4286357538933],
            [-64.2024841068774, -31.4260505663647],
            [-64.2020350828182, -31.4246184829073],
            [-64.2012199900758, -31.422380464021],
            [-64.2001666003237, -31.4194270080011],
            [-64.1987100875501, -31.4154759335048],
            [-64.2001471445072, -31.4150410326755],
            [-64.2011282702166, -31.4146423221135],
            [-64.2023724515109, -31.413969436685]
          ]
        ],
        "crs": null
      },
      "id": 29,
      "type": "Feature",
      "properties": {
        "fid": 29,
        "zona": 4,
        "areaprogr": "24",
        "cpc": "CENTRAL",
        "id": "AP24",
        "SHAPE__Length": 7054.30910939754,
        "objectid": 29,
        "denomina": "CUPANI",
        "SHAPE__Area": 2001164.05435886
      }
    },
    {
      "geometry": {
        "type": "Polygon",
        "coordinates": [
          [
            [-64.2075900467053, -31.4171296501619],
            [-64.2071778785457, -31.4156564715194],
            [-64.2052966642405, -31.4146341442167],
            [-64.2049781565205, -31.4144706892562],
            [-64.2044196346772, -31.4141883219172],
            [-64.203856186821, -31.4141778423282],
            [-64.2034843981704, -31.4141709254821],
            [-64.2026877995836, -31.4140307002761],
            [-64.2023724515109, -31.413969436685],
            [-64.2035261497946, -31.413566361775],
            [-64.2057074319305, -31.4129273181931],
            [-64.213424426636, -31.4104184085571],
            [-64.2121584885495, -31.4073878242139],
            [-64.2203170735318, -31.4047559074853],
            [-64.2259289357702, -31.4029451664474],
            [-64.2272333454249, -31.4060055971063],
            [-64.2290738243015, -31.4056692861563],
            [-64.2296468998254, -31.4078970373697],
            [-64.2308418562153, -31.4125576441121],
            [-64.2283236050232, -31.4130353138177],
            [-64.225754027385, -31.4135371582061],
            [-64.2205754658375, -31.4145507759478],
            [-64.2219852700328, -31.4198378568928],
            [-64.2168910315987, -31.4208340074715],
            [-64.2117545850962, -31.4218283775856],
            [-64.2090365056388, -31.42234425896],
            [-64.2078933923278, -31.4184045210112],
            [-64.2075900467053, -31.4171296501619]
          ]
        ],
        "crs": null
      },
      "id": 30,
      "type": "Feature",
      "properties": {
        "fid": 30,
        "zona": 5,
        "areaprogr": "22",
        "cpc": "COLON",
        "id": "AP22",
        "SHAPE__Length": 9773.96043127353,
        "objectid": 30,
        "denomina": "ALBERDI  SUD",
        "SHAPE__Area": 3863785.12815119
      }
    },
    {
      "geometry": {
        "type": "Polygon",
        "coordinates": [
          [
            [-64.2429036840316, -31.4147424491008],
            [-64.242954856582, -31.4158224819254],
            [-64.2429680837191, -31.41730985565],
            [-64.2430583280164, -31.4185224143512],
            [-64.2421495808454, -31.4190508058617],
            [-64.2411312534314, -31.4196723556119],
            [-64.2399747998948, -31.4203633916345],
            [-64.2395889488539, -31.4205891312228],
            [-64.2395002235681, -31.420648428279],
            [-64.2392362449585, -31.4208346404404],
            [-64.2391395818619, -31.4209028282642],
            [-64.2390948984258, -31.4209395715481],
            [-64.2376808842877, -31.4223856451325],
            [-64.2338549773708, -31.4232430667466],
            [-64.2234162387698, -31.4251046771637],
            [-64.2224558443128, -31.4216012913404],
            [-64.2219852700328, -31.4198378568928],
            [-64.2205754658375, -31.4145507759478],
            [-64.2246547252649, -31.4137523339812],
            [-64.2308418562153, -31.4125576441121],
            [-64.2371146322451, -31.4112543203218],
            [-64.2371514377596, -31.4112738571085],
            [-64.2390665054919, -31.4118352420399],
            [-64.2409750515482, -31.4118996169427],
            [-64.2424742766572, -31.4117616476476],
            [-64.2426144354221, -31.4119674850804],
            [-64.2429179001049, -31.4123900388935],
            [-64.2429036840316, -31.4147424491008]
          ]
        ],
        "crs": null
      },
      "id": 31,
      "type": "Feature",
      "properties": {
        "fid": 31,
        "zona": 5,
        "areaprogr": "26",
        "cpc": "COLON, RUTA 20",
        "id": "AP26",
        "SHAPE__Length": 7225.80573160973,
        "objectid": 31,
        "denomina": "SANTA ANA",
        "SHAPE__Area": 3198398.54076922
      }
    },
    {
      "geometry": {
        "type": "Polygon",
        "coordinates": [
          [
            [-64.2547305312474, -31.4057968160888],
            [-64.2532002031183, -31.4067083452328],
            [-64.2511930532282, -31.4069868760517],
            [-64.2483203880537, -31.4079934645177],
            [-64.2468968607926, -31.4103113151349],
            [-64.2467376241478, -31.4108729450801],
            [-64.2465630463259, -31.4114503919978],
            [-64.2427601265248, -31.4117390075538],
            [-64.2424742766572, -31.4117616476476],
            [-64.2410607567296, -31.4118918665805],
            [-64.2390228376924, -31.4118250201853],
            [-64.2382683701218, -31.4116372483261],
            [-64.2371146322451, -31.4112543203218],
            [-64.2308418562153, -31.4125576441121],
            [-64.2296292964573, -31.407897540822],
            [-64.2290738243015, -31.4056692861563],
            [-64.2272333454249, -31.4060055971063],
            [-64.2259289357702, -31.4029451664474],
            [-64.2281701407427, -31.40236271985],
            [-64.2306351285154, -31.4020490889727],
            [-64.2323390423813, -31.4016337904777],
            [-64.2319159766116, -31.4008396746242],
            [-64.2326011575643, -31.400475283483],
            [-64.2335717570051, -31.4003871712372],
            [-64.2342256543109, -31.4003619228287],
            [-64.2365472285737, -31.3995305618631],
            [-64.235615939768, -31.3975269276535],
            [-64.2383391745572, -31.3966583783466],
            [-64.2405814355045, -31.3959616053482],
            [-64.2523954504497, -31.3965015526161],
            [-64.254372695726, -31.3957820819692],
            [-64.2562760715025, -31.3996087246716],
            [-64.2527746467791, -31.4013054555158],
            [-64.2549664595359, -31.4056500813512],
            [-64.2547305312474, -31.4057968160888]
          ]
        ],
        "crs": null
      },
      "id": 32,
      "type": "Feature",
      "properties": {
        "fid": 32,
        "zona": 5,
        "areaprogr": "55",
        "cpc": "COLON",
        "id": "AP55",
        "SHAPE__Length": 10081.9610424928,
        "objectid": 32,
        "denomina": "LAS PALMAS",
        "SHAPE__Area": 4805959.54294549
      }
    },
    {
      "geometry": {
        "type": "Polygon",
        "coordinates": [
          [
            [-64.2428016123161, -31.4369049094399],
            [-64.2427640137498, -31.441417516025],
            [-64.2369997725819, -31.4414088009088],
            [-64.2369828747395, -31.4444088637269],
            [-64.2369831272003, -31.4459010361658],
            [-64.2375579800614, -31.4459014585541],
            [-64.2376484243768, -31.4511540549597],
            [-64.2377092393609, -31.4515851371541],
            [-64.2377733215826, -31.4548938259117],
            [-64.2375036255153, -31.4547758335309],
            [-64.2368487459125, -31.4547473631355],
            [-64.2349216055591, -31.4545577764543],
            [-64.2334405496176, -31.4539609633639],
            [-64.2318927671783, -31.45371105679],
            [-64.2307385017199, -31.452662936183],
            [-64.2294067820512, -31.4507609857209],
            [-64.2286207407753, -31.4487926786067],
            [-64.2275105015963, -31.4473088161824],
            [-64.226673670757, -31.4457257707294],
            [-64.2262906504952, -31.445412891539],
            [-64.2235130222255, -31.4447647095968],
            [-64.2220100645458, -31.4442542554398],
            [-64.2209046818734, -31.4429319669297],
            [-64.2202266788731, -31.4415972667507],
            [-64.2191560467508, -31.4414571336349],
            [-64.2182976279206, -31.4411907883614],
            [-64.2170569467449, -31.4406694497197],
            [-64.2164830179044, -31.4406165896519],
            [-64.2135059155475, -31.4395211352627],
            [-64.2132314615889, -31.4385683938417],
            [-64.2125133735964, -31.4357450341502],
            [-64.2123486393021, -31.4351224737384],
            [-64.2122625278718, -31.4347584622705],
            [-64.2120756271388, -31.4340092249299],
            [-64.2113825361982, -31.4311906235127],
            [-64.2111432877553, -31.4302152302797],
            [-64.2119878672778, -31.4302807094258],
            [-64.2132919886835, -31.4303691171016],
            [-64.2140107256175, -31.4304506236879],
            [-64.2155543440252, -31.4305310996611],
            [-64.2149531020709, -31.4281470408075],
            [-64.2153832236739, -31.4280594044167],
            [-64.2149900038994, -31.4267424625088],
            [-64.2131232451502, -31.4271042257426],
            [-64.2117545850962, -31.4218283775856],
            [-64.2219852700328, -31.4198378568928],
            [-64.2229325008979, -31.4233874800948],
            [-64.2234352054315, -31.4251078363622],
            [-64.228572127232, -31.424184445673],
            [-64.2295929028996, -31.4280825065148],
            [-64.2305127974306, -31.4315046399331],
            [-64.2316849841533, -31.4315934279296],
            [-64.2313585145824, -31.4331532901708],
            [-64.2296347730046, -31.4369155171199],
            [-64.2334302585578, -31.4368811631414],
            [-64.2401708547771, -31.4369079965282],
            [-64.2428016123161, -31.4369049094399]
          ]
        ],
        "crs": null
      },
      "id": 33,
      "type": "Feature",
      "properties": {
        "fid": 33,
        "zona": 5,
        "areaprogr": "23",
        "cpc": "RUTA 20",
        "id": "AP23",
        "SHAPE__Length": 15668.3542638612,
        "objectid": 33,
        "denomina": "ROSEDAL ANEXO",
        "SHAPE__Area": 7479778.44906761
      }
    },
    {
      "geometry": {
        "type": "Polygon",
        "coordinates": [
          [
            [-64.1247153875213, -31.4697755292226],
            [-64.1341876672726, -31.4697484023183],
            [-64.1341573819229, -31.4755791350624],
            [-64.141756308925, -31.4755190354722],
            [-64.1478285229907, -31.4754757400149],
            [-64.1491824274453, -31.4754600469388],
            [-64.1491471802084, -31.4785220647935],
            [-64.1499829439318, -31.478503363616],
            [-64.1499468198771, -31.479746335122],
            [-64.1499614796121, -31.4809448625648],
            [-64.14996914606, -31.4815716153311],
            [-64.1494430924949, -31.4815763320324],
            [-64.1491629454743, -31.4815789248823],
            [-64.1491640947661, -31.4817239104218],
            [-64.1491752557658, -31.4831315864272],
            [-64.1491812744155, -31.4838906017202],
            [-64.1491952994392, -31.4873407200617],
            [-64.1492091222436, -31.4886150446774],
            [-64.1492206687802, -31.4896795617965],
            [-64.149246608123, -31.4999511876763],
            [-64.1492772919797, -31.5086406372651],
            [-64.1492899118121, -31.5122119166298],
            [-64.149336864298, -31.5254853521971],
            [-64.1191688744145, -31.5255782848921],
            [-64.119167141026, -31.5255255388101],
            [-64.1185946419356, -31.490507953501],
            [-64.1186200522222, -31.4872683893892],
            [-64.1186444527826, -31.4826829458099],
            [-64.1187036994849, -31.4756356232503],
            [-64.1202100182743, -31.4755727325837],
            [-64.1220579800924, -31.4732390586223],
            [-64.1247153875213, -31.4697755292226]
          ]
        ],
        "crs": null
      },
      "id": 44,
      "type": "Feature",
      "properties": {
        "fid": 44,
        "zona": 3,
        "areaprogr": "47",
        "cpc": "EMPALME",
        "id": "AP47",
        "SHAPE__Length": 21158.8072691753,
        "objectid": 45,
        "denomina": "CORONEL OLMEDO",
        "SHAPE__Area": 23132922.3655226
      }
    },
    {
      "geometry": {
        "type": "Polygon",
        "coordinates": [
          [
            [-64.2851389716326, -31.3374759986776],
            [-64.2860487453001, -31.3374343285513],
            [-64.2869728509968, -31.337303029861],
            [-64.287586595022, -31.3370279657485],
            [-64.2881325038704, -31.3367832996741],
            [-64.2893784273368, -31.3362038963132],
            [-64.2901840879728, -31.3358295774598],
            [-64.2902455064588, -31.3382556907428],
            [-64.2902797542256, -31.3400370462991],
            [-64.2918822677975, -31.3410552284214],
            [-64.2933932305783, -31.3414837089918],
            [-64.2934331193919, -31.3423466973227],
            [-64.2950159315799, -31.3432661965236],
            [-64.2953440074872, -31.3435910823508],
            [-64.2956059370474, -31.3446850890244],
            [-64.295696061173, -31.3451466109986],
            [-64.2961622140232, -31.3462013938741],
            [-64.2954457632423, -31.3467658175987],
            [-64.2953186268958, -31.3471654479613],
            [-64.2963021897619, -31.3487773526464],
            [-64.2971087111052, -31.3495658938118],
            [-64.2987155381713, -31.3506877708059],
            [-64.3002107606918, -31.3515346703144],
            [-64.3004542232395, -31.3517513837498],
            [-64.2992358692466, -31.3523612463645],
            [-64.2987772345797, -31.3527642353969],
            [-64.2974921644824, -31.3533463042873],
            [-64.2969480787535, -31.3523559402469],
            [-64.2965124347973, -31.3520189045295],
            [-64.2959473132616, -31.3519108008535],
            [-64.2952866415873, -31.3520881917017],
            [-64.2942149092274, -31.3513023150647],
            [-64.293516413741, -31.3511386401093],
            [-64.2932484850266, -31.3509421672704],
            [-64.2925519394709, -31.3509207335846],
            [-64.2916740875939, -31.349762988487],
            [-64.2911737293123, -31.349540397977],
            [-64.2906788133099, -31.3497160977302],
            [-64.2903543076579, -31.3502315212602],
            [-64.2903613004523, -31.3507436113298],
            [-64.2904575181752, -31.3529335492366],
            [-64.2900709702852, -31.3537625823863],
            [-64.2897456704137, -31.3542211065653],
            [-64.2881718541482, -31.355517318056],
            [-64.2876859919548, -31.3584884531215],
            [-64.2858177459394, -31.3582582265115],
            [-64.2672414694077, -31.3529191674138],
            [-64.2666671115471, -31.3532288395564],
            [-64.2662482820801, -31.3535696982202],
            [-64.2657834410791, -31.3539256233552],
            [-64.2656088134775, -31.3541603144165],
            [-64.2652781120737, -31.3546047572667],
            [-64.264768686133, -31.3552795883159],
            [-64.2643917176345, -31.3557846682711],
            [-64.2644042447399, -31.3563100945444],
            [-64.2636232997874, -31.3567203220436],
            [-64.2628964886705, -31.3570593055383],
            [-64.2627186739957, -31.3571450414746],
            [-64.2622751616814, -31.3572407866199],
            [-64.2618096514346, -31.3573412782132],
            [-64.2616835267487, -31.3573232289732],
            [-64.2613074528611, -31.3572661306115],
            [-64.2610929117098, -31.3569570664384],
            [-64.2595084292073, -31.3545788274114],
            [-64.2591552693878, -31.3540653668136],
            [-64.2583770628102, -31.3529405524428],
            [-64.2570890993837, -31.3510286255567],
            [-64.2559224206577, -31.349318005482],
            [-64.2553581348848, -31.3484855247383],
            [-64.2566188734439, -31.348261286368],
            [-64.2574814121888, -31.3482045573968],
            [-64.2584241989292, -31.3481425436773],
            [-64.262158013412, -31.3478967916582],
            [-64.2632804544127, -31.3478263132834],
            [-64.2643515789373, -31.3477851815428],
            [-64.2642134489763, -31.3463005737809],
            [-64.2641181324074, -31.3451829643384],
            [-64.2638724555097, -31.3425949252003],
            [-64.2631873817229, -31.3424341187154],
            [-64.2619877389367, -31.340934695637],
            [-64.2597296466866, -31.3379410012062],
            [-64.2620050829786, -31.3365510866728],
            [-64.2642310979653, -31.3352504381247],
            [-64.2652794978713, -31.3349339560548],
            [-64.2659826596863, -31.3348224826279],
            [-64.2663393894731, -31.3348264302006],
            [-64.2670141438367, -31.3348921481509],
            [-64.2679469866773, -31.3348747955136],
            [-64.2689657344564, -31.3346872922026],
            [-64.2694573578519, -31.3345782483888],
            [-64.270584453339, -31.3343391969539],
            [-64.2714027500406, -31.3342659794908],
            [-64.2719795542927, -31.3342863092596],
            [-64.2724676184544, -31.3344768116366],
            [-64.2732772318857, -31.3348855098816],
            [-64.273750920627, -31.3351347523014],
            [-64.274690544207, -31.3356202865989],
            [-64.2756130743617, -31.3359627337354],
            [-64.2776323481335, -31.3366263393119],
            [-64.2786830522528, -31.3369088855027],
            [-64.27949677385, -31.3370570480617],
            [-64.2817293579943, -31.3372235984553],
            [-64.2835746648553, -31.337361427762],
            [-64.2851389716326, -31.3374759986776]
          ]
        ],
        "crs": null
      },
      "id": 34,
      "type": "Feature",
      "properties": {
        "fid": 34,
        "zona": 6,
        "areaprogr": "31",
        "cpc": "ARGUELLO",
        "id": "AP31",
        "SHAPE__Length": 16111.0495235852,
        "objectid": 34,
        "denomina": "LA SALLE",
        "SHAPE__Area": 9335965.68689672
      }
    },
    {
      "geometry": {
        "type": "Polygon",
        "coordinates": [
          [
            [-64.3052429625341, -31.3362174695966],
            [-64.3052352900498, -31.3365402643812],
            [-64.3052944181367, -31.3377798871069],
            [-64.3052790345192, -31.3381432071499],
            [-64.3053485761291, -31.3385610910398],
            [-64.3053717247728, -31.3388949917676],
            [-64.3052359535171, -31.3390342534898],
            [-64.3049863790959, -31.3390152051856],
            [-64.3046341973173, -31.3386661240824],
            [-64.3045409602115, -31.3384323092892],
            [-64.3043740912993, -31.3380809944288],
            [-64.3042092175326, -31.3378037631524],
            [-64.3037710798141, -31.3376506371609],
            [-64.303508736342, -31.3376360109387],
            [-64.3034727873991, -31.3376536673175],
            [-64.3027879495814, -31.3379166858288],
            [-64.3025694571904, -31.3381068762789],
            [-64.3021995020662, -31.3385135778196],
            [-64.3020408525944, -31.3387831647856],
            [-64.3019071735515, -31.3389498843899],
            [-64.3015451911508, -31.3393278050286],
            [-64.3013918899835, -31.339861186574],
            [-64.3014932724979, -31.3405302527512],
            [-64.3013330221118, -31.3409302238063],
            [-64.3009391768738, -31.3412187506259],
            [-64.3000902739053, -31.342166312995],
            [-64.3000541269189, -31.3427111573501],
            [-64.2988260944264, -31.3435311824382],
            [-64.2991247948588, -31.3442816366387],
            [-64.299096338731, -31.3446233647659],
            [-64.2990307909597, -31.3448177741998],
            [-64.2988673556794, -31.3449613919074],
            [-64.2986412594531, -31.3449626252782],
            [-64.2984956651252, -31.3448702216148],
            [-64.2982128566256, -31.3447284533615],
            [-64.2980423018338, -31.3447301788297],
            [-64.2979651423137, -31.344757577076],
            [-64.297778140387, -31.3449032669864],
            [-64.2971593344628, -31.3453853613746],
            [-64.296510951541, -31.3459266522922],
            [-64.2961622140232, -31.3462013938741],
            [-64.295696061173, -31.3451466109986],
            [-64.2956373575969, -31.3448163173963],
            [-64.2954794129784, -31.3441566407204],
            [-64.2953440074872, -31.3435910823508],
            [-64.2950159315799, -31.3432661965236],
            [-64.2942560272364, -31.3428247517786],
            [-64.2939810854026, -31.3426650306908],
            [-64.2934331193919, -31.3423466973227],
            [-64.2933932305783, -31.3414837089918],
            [-64.2918802181468, -31.3410552490562],
            [-64.2902797542256, -31.3400370462991],
            [-64.2902352288771, -31.337946906656],
            [-64.2901840879728, -31.3358295774598],
            [-64.2881325038704, -31.3367832996741],
            [-64.2881617331163, -31.3283887254422],
            [-64.2887025437625, -31.3270978142069],
            [-64.2881679048191, -31.308526701653],
            [-64.2881663292098, -31.308025352865],
            [-64.2974623065844, -31.3079595669331],
            [-64.2988226355153, -31.3079458136849],
            [-64.3084428399344, -31.3079037642442],
            [-64.3098355499203, -31.3078895643097],
            [-64.3097859794263, -31.3085271566821],
            [-64.3098178832853, -31.3355288381451],
            [-64.3053217639128, -31.3356014531958],
            [-64.3052429625341, -31.3362174695966]
          ]
        ],
        "crs": null
      },
      "id": 35,
      "type": "Feature",
      "properties": {
        "fid": 35,
        "zona": 6,
        "areaprogr": "06",
        "cpc": "ARGUELLO",
        "id": "APa6",
        "SHAPE__Length": 14540.4671829351,
        "objectid": 35,
        "denomina": "VILLA RIVERA INDARTE",
        "SHAPE__Area": 9962711.0234095
      }
    },
    {
      "geometry": {
        "type": "Polygon",
        "coordinates": [
          [
            [-64.2885059358421, -31.3202032237],
            [-64.2887041385724, -31.3270714500079],
            [-64.2883768969176, -31.3277239473721],
            [-64.2881134047083, -31.3284299046438],
            [-64.2881215090224, -31.3290249349538],
            [-64.2880778927429, -31.3304500320981],
            [-64.2881152255911, -31.3331907735457],
            [-64.2881325038704, -31.3367832996741],
            [-64.287586595022, -31.3370279657485],
            [-64.2869728509968, -31.337303029861],
            [-64.2860484022012, -31.3374351355016],
            [-64.2852314352358, -31.3374805899614],
            [-64.2839358076564, -31.3373979807912],
            [-64.2828977364153, -31.3373187576166],
            [-64.2794908594986, -31.337054086866],
            [-64.2786954615107, -31.3369066994181],
            [-64.277612821609, -31.3366187997798],
            [-64.2756345567889, -31.3359754034776],
            [-64.2747042218404, -31.3356262280518],
            [-64.2724240525484, -31.3344600965325],
            [-64.271995528777, -31.3342926015945],
            [-64.2714123480466, -31.3342685122871],
            [-64.2705433293188, -31.3343368553611],
            [-64.2697194049695, -31.3345242194223],
            [-64.2679668662788, -31.3348775642656],
            [-64.2671058374945, -31.3348935352805],
            [-64.2663393894731, -31.3348264302006],
            [-64.2659826596863, -31.3348224826279],
            [-64.2652794978713, -31.3349339560548],
            [-64.2642310979653, -31.3352504381247],
            [-64.2620050829786, -31.3365510866728],
            [-64.2621447234159, -31.3356069930154],
            [-64.26225675934, -31.3342244789658],
            [-64.262261528436, -31.3341025077796],
            [-64.2622736460031, -31.3332049371249],
            [-64.2622771409332, -31.3324756962303],
            [-64.2629011605966, -31.3320993809295],
            [-64.2633573579755, -31.3318233983741],
            [-64.2636973603268, -31.3316198782729],
            [-64.2640283863072, -31.3312978626203],
            [-64.2642807821602, -31.3309883569081],
            [-64.2648251079028, -31.3302028764571],
            [-64.2653050851115, -31.32951344723],
            [-64.2657437323291, -31.3288884084166],
            [-64.2659481572952, -31.3286013272239],
            [-64.2662395237803, -31.3281796346493],
            [-64.2663974950654, -31.3279568215591],
            [-64.2664806059728, -31.3278374491005],
            [-64.2666459438365, -31.3275999734845],
            [-64.2670076358003, -31.3270804688849],
            [-64.2671698877142, -31.3268478567944],
            [-64.2673581823722, -31.3265996664558],
            [-64.2674737229847, -31.3264463851152],
            [-64.2677252570297, -31.3261126847591],
            [-64.2678813264186, -31.3259056325382],
            [-64.2680441879478, -31.3256895688458],
            [-64.2685141671702, -31.3250255388077],
            [-64.2687613960882, -31.3246850180218],
            [-64.2691599967221, -31.3241193017013],
            [-64.2693503585603, -31.323819968769],
            [-64.2693778360813, -31.3237767616966],
            [-64.2697274470011, -31.3232428201416],
            [-64.2698418923079, -31.3230627573796],
            [-64.2701504918623, -31.3226151379967],
            [-64.2703499235711, -31.3223258619849],
            [-64.2704266134894, -31.3222146227168],
            [-64.2707789501196, -31.3216937863126],
            [-64.2709224367236, -31.3214841613374],
            [-64.2711791676954, -31.3211161268025],
            [-64.2714496417942, -31.3207281987122],
            [-64.2717865098097, -31.3202452735708],
            [-64.2720362603415, -31.3198874158554],
            [-64.2720826048727, -31.3198209763146],
            [-64.2721627718518, -31.3197060483333],
            [-64.2723590203498, -31.3194245203537],
            [-64.2724513374559, -31.3192921740805],
            [-64.2726265594755, -31.3190409701904],
            [-64.2729153533222, -31.318626944762],
            [-64.2732430125824, -31.3181572538516],
            [-64.2735054974469, -31.3177807419925],
            [-64.2736794878727, -31.3175308475326],
            [-64.2738989202467, -31.317215684058],
            [-64.2741586720732, -31.3168426104824],
            [-64.2743018057228, -31.3166370290658],
            [-64.2743591492883, -31.3165546671429],
            [-64.2747448420959, -31.3160527400469],
            [-64.2758203080408, -31.316537483493],
            [-64.2774848439056, -31.3172877101834],
            [-64.2799078603644, -31.3183797316441],
            [-64.2811927749333, -31.3189587966449],
            [-64.2825124344806, -31.3195534985881],
            [-64.2833764889545, -31.3198958395124],
            [-64.2846279969345, -31.3198607475053],
            [-64.2863611382967, -31.3198124220954],
            [-64.2873153210217, -31.3197869301895],
            [-64.2884939782859, -31.3197687447099],
            [-64.2885059358421, -31.3202032237]
          ]
        ],
        "crs": null
      },
      "id": 36,
      "type": "Feature",
      "properties": {
        "fid": 36,
        "zona": 6,
        "areaprogr": "34",
        "cpc": "ARGUELLO",
        "id": "AP34",
        "SHAPE__Length": 10062.0747608429,
        "objectid": 36,
        "denomina": "VILLA 9 DE JULIO",
        "SHAPE__Area": 5437624.78584878
      }
    },
    {
      "geometry": {
        "type": "Polygon",
        "coordinates": [
          [
            [-64.2666735267308, -31.3953451153029],
            [-64.2652643028853, -31.3953105404759],
            [-64.2627619781958, -31.3949109377769],
            [-64.2605925003952, -31.3945436590766],
            [-64.2587707158886, -31.3942979148335],
            [-64.2578410160246, -31.3945199472866],
            [-64.2557973850072, -31.3903321933834],
            [-64.2545958188212, -31.3878697789402],
            [-64.253408040318, -31.3851965568556],
            [-64.2525198298175, -31.3835482969525],
            [-64.2519734549839, -31.3819600810619],
            [-64.2522602620981, -31.3816108804533],
            [-64.2525584417547, -31.3812389471644],
            [-64.2529062073531, -31.3808243989289],
            [-64.2533853404627, -31.3802194357972],
            [-64.2538766090268, -31.3793712174103],
            [-64.2540745092327, -31.3788696738446],
            [-64.2543881241991, -31.3780217532478],
            [-64.2547565080562, -31.3771798819144],
            [-64.2550373844062, -31.3768135880927],
            [-64.257216969634, -31.3766288710516],
            [-64.2612488494382, -31.3753076957436],
            [-64.2614205349342, -31.3752047692775],
            [-64.2617252290299, -31.3749784067086],
            [-64.2607619595514, -31.3729471228373],
            [-64.2595879958067, -31.3693334401735],
            [-64.2608138054309, -31.3686196037318],
            [-64.2614568968614, -31.3677255188877],
            [-64.2616773095319, -31.3644144818568],
            [-64.2612459083788, -31.3632508881271],
            [-64.2604373863466, -31.3621558785393],
            [-64.2595949768254, -31.3613531544901],
            [-64.2591284115874, -31.3603845372783],
            [-64.2594012287376, -31.3593597480336],
            [-64.2593600216775, -31.3592649565493],
            [-64.2591836880794, -31.3588593180075],
            [-64.259364464591, -31.3582411846954],
            [-64.2597517590577, -31.3579388764025],
            [-64.2599472863593, -31.3577561169926],
            [-64.2603129482743, -31.3574143290155],
            [-64.2604172074774, -31.3573168767975],
            [-64.2607631579798, -31.3571829249398],
            [-64.2618096514346, -31.3573412782132],
            [-64.2622751616814, -31.3572407866199],
            [-64.2627186739957, -31.3571450414746],
            [-64.2636232997874, -31.3567203220436],
            [-64.2644042447399, -31.3563100945444],
            [-64.2644168938721, -31.355762159854],
            [-64.2651173154731, -31.3548235061417],
            [-64.2652510032082, -31.3546411890187],
            [-64.2656088134775, -31.3541603144165],
            [-64.2657834410791, -31.3539256233552],
            [-64.2662258943125, -31.3535868407491],
            [-64.2666794379023, -31.3532273425967],
            [-64.2672467366428, -31.352923584758],
            [-64.2856459509016, -31.3582202354905],
            [-64.2876696378805, -31.3584953979607],
            [-64.2881807090955, -31.3555750673988],
            [-64.2897459779329, -31.354219923911],
            [-64.2899711730351, -31.353902503729],
            [-64.2904399343887, -31.3529326213887],
            [-64.2903558445265, -31.3501364499578],
            [-64.2906834476006, -31.3496906499189],
            [-64.2911739234277, -31.3495373010228],
            [-64.2916353169266, -31.3497099323288],
            [-64.2925008465071, -31.350902751358],
            [-64.2932586981987, -31.35093450899],
            [-64.2934185059763, -31.3510953674342],
            [-64.294204726376, -31.3512992181759],
            [-64.295247956935, -31.3520568846858],
            [-64.2959577580801, -31.3519315333717],
            [-64.2965557849322, -31.3520239773798],
            [-64.2969038060656, -31.3522962220387],
            [-64.2974921388385, -31.3533539257023],
            [-64.2987240977459, -31.3528096345017],
            [-64.2992230236618, -31.3523712430977],
            [-64.3004085183121, -31.3517880120991],
            [-64.3003140122475, -31.3515919968267],
            [-64.2987882820456, -31.3507998629094],
            [-64.2970028434123, -31.3494785095401],
            [-64.2962582269236, -31.3487375374831],
            [-64.2953189689057, -31.3471909376729],
            [-64.295450177084, -31.3467168770919],
            [-64.2979651423137, -31.344757577076],
            [-64.2980423018338, -31.3447301788297],
            [-64.2982078095175, -31.3447373772968],
            [-64.2986968614565, -31.3449675536243],
            [-64.2988673546164, -31.3449613910164],
            [-64.2990307909597, -31.3448177741998],
            [-64.2990939412626, -31.3446512160691],
            [-64.2991315825066, -31.3442533404834],
            [-64.2988260944264, -31.3435311824382],
            [-64.3000541269189, -31.3427111573501],
            [-64.3000932483757, -31.3422183288028],
            [-64.3009295362912, -31.3412840796148],
            [-64.3013825002226, -31.3408461462421],
            [-64.3014920797216, -31.3404707862178],
            [-64.3013918899835, -31.339861186574],
            [-64.3015451911508, -31.3393278050286],
            [-64.3019071735515, -31.3389498843899],
            [-64.3021995020662, -31.3385135778196],
            [-64.3027879495814, -31.3379166858288],
            [-64.3034727873991, -31.3376536673175],
            [-64.3037710798141, -31.3376506371609],
            [-64.3042092185832, -31.3378037631417],
            [-64.3046341973173, -31.3386661240824],
            [-64.3049835485382, -31.339036820497],
            [-64.3052359535171, -31.3390342534898],
            [-64.3053717247728, -31.3388949917676],
            [-64.3052284458979, -31.3368282337955],
            [-64.3052429625341, -31.3362174695966],
            [-64.3053724759379, -31.3356252338467],
            [-64.3085954082671, -31.3355893871793],
            [-64.3098464349679, -31.33555761283],
            [-64.3097834797177, -31.3396106778115],
            [-64.3097859787886, -31.3445226623436],
            [-64.3098941652473, -31.3502114060267],
            [-64.3099256702062, -31.3628632726363],
            [-64.3070018074037, -31.3649574685048],
            [-64.2998001064619, -31.3699598850982],
            [-64.2896943436079, -31.3780291420193],
            [-64.2831140981238, -31.3830675498073],
            [-64.2752009490852, -31.3896586237571],
            [-64.2771145112801, -31.39121341999],
            [-64.2768734652083, -31.3918475206745],
            [-64.2751020403346, -31.3943523250425],
            [-64.2737988467848, -31.3954334447238],
            [-64.2732770265838, -31.3965014805401],
            [-64.2732114993682, -31.4005353564656],
            [-64.2721884999692, -31.4005376071727],
            [-64.2721976262416, -31.4017751265712],
            [-64.2701804554171, -31.4017698044012],
            [-64.2693657350443, -31.4017784763956],
            [-64.269332574599, -31.4016714901755],
            [-64.2691581529353, -31.4014126240346],
            [-64.2688862942396, -31.4010885812077],
            [-64.2683429374903, -31.4005732861082],
            [-64.2680990762787, -31.4004001085623],
            [-64.2678923988416, -31.3999676071055],
            [-64.267719601824, -31.3994275042406],
            [-64.2675906704334, -31.3986200125984],
            [-64.2674042662969, -31.398006067786],
            [-64.267014965669, -31.3964754889071],
            [-64.2666735267308, -31.3953451153029]
          ]
        ],
        "crs": null
      },
      "id": 37,
      "type": "Feature",
      "properties": {
        "fid": 37,
        "zona": 5,
        "areaprogr": "77",
        "cpc": "COLON, RUTA 20",
        "id": "AP77",
        "SHAPE__Length": 28711.4762045379,
        "objectid": 37,
        "denomina": "DON BOSCO",
        "SHAPE__Area": 24166422.2206963
      }
    },
    {
      "geometry": {
        "type": "Polygon",
        "coordinates": [
          [
            [-64.2533515402718, -31.4204577959507],
            [-64.2692835278006, -31.4205141422673],
            [-64.2694944587287, -31.4044555640075],
            [-64.2694525297146, -31.402270093421],
            [-64.2694475242073, -31.4020423547127],
            [-64.2693664956547, -31.4017809316883],
            [-64.2701804554171, -31.4017698044012],
            [-64.2721976262416, -31.4017751265712],
            [-64.2721884999692, -31.4005376071727],
            [-64.2732114993682, -31.4005353564656],
            [-64.2732306758796, -31.3965929409745],
            [-64.2737988467848, -31.3954334447238],
            [-64.2751020403346, -31.3943523250425],
            [-64.2768734652083, -31.3918475206745],
            [-64.2771145112801, -31.39121341999],
            [-64.2752009490852, -31.3896586237571],
            [-64.2831140981238, -31.3830675498073],
            [-64.2909802101201, -31.3769654028238],
            [-64.2998001064619, -31.3699598850982],
            [-64.3070018074037, -31.3649574685048],
            [-64.3099256702062, -31.3628632726363],
            [-64.3097859708773, -31.3838164562785],
            [-64.3097859671969, -31.4174394990513],
            [-64.3097859749721, -31.4366733111962],
            [-64.2744216365264, -31.4344921363477],
            [-64.264713205196, -31.4339083035449],
            [-64.2616814098105, -31.4337113830823],
            [-64.2537469687704, -31.4331433988013],
            [-64.2533753743453, -31.4331185694071],
            [-64.2533762274535, -31.4329961532113],
            [-64.2533515402718, -31.4204577959507]
          ]
        ],
        "crs": null
      },
      "id": 38,
      "type": "Feature",
      "properties": {
        "fid": 38,
        "zona": 5,
        "areaprogr": "76",
        "cpc": "LIBERTADOR , RUTA 20, COLON",
        "id": "AP76",
        "SHAPE__Length": 29239.6487435938,
        "objectid": 38,
        "denomina": "VILLA UNION",
        "SHAPE__Area": 35964952.9369893
      }
    },
    {
      "geometry": {
        "type": "Polygon",
        "coordinates": [
          [
            [-64.242161676338, -31.4819501866305],
            [-64.2423106705024, -31.481573726656],
            [-64.2437691001269, -31.4815808895575],
            [-64.2480536069344, -31.4815744387516],
            [-64.2496324396439, -31.4815715926387],
            [-64.2511257798616, -31.4815674696228],
            [-64.252436089926, -31.4815734924183],
            [-64.2575741286161, -31.4815806988733],
            [-64.2669948104656, -31.4815268032911],
            [-64.2736394833094, -31.4814998649454],
            [-64.279310182078, -31.4815521019424],
            [-64.2846082620314, -31.4859422101283],
            [-64.2956453367685, -31.4961400568352],
            [-64.3035232950067, -31.5012744000787],
            [-64.3084139911475, -31.5045976039919],
            [-64.3098578201582, -31.5051720651534],
            [-64.3098888297957, -31.5250218196687],
            [-64.2868714626411, -31.5249839419279],
            [-64.2815710575168, -31.5198782300339],
            [-64.2779123840293, -31.5162534033827],
            [-64.2671864283744, -31.5061894340025],
            [-64.2645024661945, -31.5043445819863],
            [-64.2598928260418, -31.5005251908205],
            [-64.2556481256879, -31.4955629244934],
            [-64.2516051355427, -31.4914528746248],
            [-64.242161676338, -31.4819501866305]
          ]
        ],
        "crs": null
      },
      "id": 39,
      "type": "Feature",
      "properties": {
        "fid": 39,
        "zona": 4,
        "areaprogr": "73",
        "cpc": "LIBERTADOR",
        "id": "AP73",
        "SHAPE__Length": 21454.0969920079,
        "objectid": 39,
        "denomina": "PARQUE FUTURA",
        "SHAPE__Area": 23322551.010161
      }
    },
    {
      "geometry": {
        "type": "Polygon",
        "coordinates": [
          [
            [-64.2417692655077, -31.4815824474104],
            [-64.2419415054675, -31.4817267502516],
            [-64.2440381151383, -31.4837661002616],
            [-64.2478621643373, -31.4876766484535],
            [-64.2500952183607, -31.4899148115911],
            [-64.2554425485911, -31.4953550085519],
            [-64.2598515509947, -31.5004895327592],
            [-64.261100551926, -31.5015070786994],
            [-64.2622816586291, -31.5024394599983],
            [-64.264307787622, -31.504135869202],
            [-64.267089825573, -31.5060683425071],
            [-64.2773823229499, -31.5156891415473],
            [-64.2800310253708, -31.5183883964439],
            [-64.2868714626411, -31.5249839419279],
            [-64.227876735855, -31.5248268713082],
            [-64.2274629037326, -31.4919172602384],
            [-64.2267511047938, -31.4893406915865],
            [-64.2257682761908, -31.4857827930547],
            [-64.2254208344523, -31.4844139290285],
            [-64.2249882490195, -31.4827095496996],
            [-64.2247072204102, -31.4816413384099],
            [-64.2251064549958, -31.4816325310666],
            [-64.2273903389103, -31.4816319245208],
            [-64.2283366586228, -31.4816352260444],
            [-64.2296177503968, -31.4816373206699],
            [-64.2316483548764, -31.4816317149171],
            [-64.2328299485037, -31.4816263966792],
            [-64.2345267696111, -31.4816235771845],
            [-64.2361673159278, -31.4816152402223],
            [-64.2378071092459, -31.481609711234],
            [-64.2397439541924, -31.4816031503803],
            [-64.2417344790638, -31.4815779891147],
            [-64.2417692655077, -31.4815824474104]
          ]
        ],
        "crs": null
      },
      "id": 40,
      "type": "Feature",
      "properties": {
        "fid": 40,
        "zona": 4,
        "areaprogr": "97",
        "cpc": "LIBERTADOR",
        "id": "AP97",
        "SHAPE__Length": 21723.2880377224,
        "objectid": 40,
        "denomina": "CABILDO",
        "SHAPE__Area": 23077992.3977244
      }
    },
    {
      "geometry": {
        "type": "Polygon",
        "coordinates": [
          [
            [-64.2030162232252, -31.4658861510804],
            [-64.2035535171342, -31.4658222211049],
            [-64.2043608039527, -31.4656761707264],
            [-64.2049107799841, -31.4654169156388],
            [-64.2061402188837, -31.4653121126574],
            [-64.2089791194833, -31.4649544047971],
            [-64.2165777302225, -31.4639909870537],
            [-64.217070322584, -31.4655260759423],
            [-64.2177727266038, -31.4686597167215],
            [-64.2133876136181, -31.4695522750657],
            [-64.2144497002376, -31.4730877256225],
            [-64.2161218657959, -31.4799197657437],
            [-64.2153420833555, -31.4799474323435],
            [-64.2153293956911, -31.4919523375259],
            [-64.2157780387554, -31.5249273781295],
            [-64.2062700655993, -31.5249742112693],
            [-64.2058494511883, -31.5048365481161],
            [-64.2097055614585, -31.5048083482817],
            [-64.2118800177461, -31.5049224065799],
            [-64.2119145145835, -31.5024609587918],
            [-64.211386863766, -31.5024076097338],
            [-64.211386722033, -31.4982180958682],
            [-64.211198868208, -31.4956593150717],
            [-64.2094250142516, -31.4933039375854],
            [-64.2054787382334, -31.4876815216975],
            [-64.2029716142515, -31.4796944156749],
            [-64.2031315838354, -31.4796927715711],
            [-64.2026844351699, -31.4752628903391],
            [-64.2025900133107, -31.4745406118104],
            [-64.2027809143521, -31.4742042184832],
            [-64.2033017653618, -31.4735928635308],
            [-64.2043716817406, -31.4726696253954],
            [-64.2045942979928, -31.4722701943768],
            [-64.2046296024223, -31.4718516136367],
            [-64.2044177274591, -31.4711844080051],
            [-64.2036913447988, -31.4684447363403],
            [-64.2030162232252, -31.4658861510804]
          ]
        ],
        "crs": null
      },
      "id": 41,
      "type": "Feature",
      "properties": {
        "fid": 41,
        "zona": 4,
        "areaprogr": "42",
        "cpc": "LIBERTADOR",
        "id": "AP42",
        "SHAPE__Length": 19851.5720584104,
        "objectid": 42,
        "denomina": "COMERCIAL",
        "SHAPE__Area": 8041456.22010277
      }
    },
    {
      "geometry": {
        "type": "Polygon",
        "coordinates": [
          [
            [-64.1899911387082, -31.5009155460468],
            [-64.1898848711808, -31.4994447855543],
            [-64.1892744102545, -31.4872184118905],
            [-64.1888884895462, -31.48026120804],
            [-64.1810220681115, -31.4804016069289],
            [-64.1809052965589, -31.4742731872709],
            [-64.1885490372322, -31.4740192251386],
            [-64.1882663678745, -31.4685673445207],
            [-64.1876641304276, -31.4677554605152],
            [-64.1816584632594, -31.4681409869639],
            [-64.1816114228392, -31.4647947442687],
            [-64.1867966383554, -31.4647724526952],
            [-64.1867096177913, -31.4591790447526],
            [-64.1898828856025, -31.4591632130158],
            [-64.1903451819204, -31.4606893131696],
            [-64.1907537702933, -31.4621689137331],
            [-64.1916095081337, -31.4653396074739],
            [-64.1920574560329, -31.4673121123512],
            [-64.2000276474465, -31.4662871264874],
            [-64.2018763087676, -31.4660341605363],
            [-64.2030128812901, -31.4658858722589],
            [-64.2036874295719, -31.4684129033745],
            [-64.2044233590548, -31.4711707964015],
            [-64.2046292002613, -31.4718569353587],
            [-64.2045837264014, -31.4722952296247],
            [-64.2043626307943, -31.4726976439162],
            [-64.2033083980085, -31.4735832898634],
            [-64.2027907323909, -31.4741949116082],
            [-64.2025980951558, -31.474540759539],
            [-64.2026875686817, -31.4752592699182],
            [-64.2031383859223, -31.4796899914084],
            [-64.2029632331337, -31.4796916375241],
            [-64.2049459548042, -31.4859587203999],
            [-64.2049428851888, -31.4859596285542],
            [-64.2049386005177, -31.4859608962426],
            [-64.2041851951635, -31.4861280582405],
            [-64.203518322213, -31.4862993062117],
            [-64.2022273909252, -31.4867825623284],
            [-64.2007487057882, -31.4873864283058],
            [-64.1994034004939, -31.4879449501914],
            [-64.1985493707681, -31.4882910110703],
            [-64.1976153798429, -31.4886783875734],
            [-64.1968196249506, -31.4890168613146],
            [-64.1964127568766, -31.4892857069723],
            [-64.1955845766944, -31.4899290051831],
            [-64.1942174475766, -31.4910046403196],
            [-64.1932565663448, -31.4917632914307],
            [-64.1928096084774, -31.4921082267477],
            [-64.1925859887522, -31.4924181348868],
            [-64.1922927354065, -31.4932910016206],
            [-64.1919905725348, -31.4941964155413],
            [-64.1915791830018, -31.4953045493061],
            [-64.1911663326686, -31.4960534612976],
            [-64.1907488732706, -31.4968066740762],
            [-64.1906064912213, -31.4972232492244],
            [-64.1905935106625, -31.4982705837532],
            [-64.190577603705, -31.498730542808],
            [-64.1905229850378, -31.4990769760685],
            [-64.1903387538702, -31.4997332884574],
            [-64.1901391899579, -31.5004051748037],
            [-64.1899911387082, -31.5009155460468]
          ]
        ],
        "crs": null
      },
      "id": 42,
      "type": "Feature",
      "properties": {
        "fid": 42,
        "zona": 4,
        "areaprogr": "53",
        "cpc": "LIBERTADOR",
        "id": "AP53",
        "SHAPE__Length": 16723.3587199634,
        "objectid": 43,
        "denomina": "INAUDI",
        "SHAPE__Area": 6544673.45159479
      }
    },
    {
      "geometry": {
        "type": "Polygon",
        "coordinates": [
          [
            [-64.116402221786, -31.4604038256254],
            [-64.1177521942596, -31.460427581834],
            [-64.1180295420872, -31.4604257937342],
            [-64.125632787649, -31.4603765426287],
            [-64.1291099012163, -31.460322747852],
            [-64.1291057932381, -31.4615833739108],
            [-64.1299474224155, -31.4615810353975],
            [-64.1299634673173, -31.4603218877373],
            [-64.1309262017077, -31.4603113625384],
            [-64.1318955817304, -31.4603007569313],
            [-64.1331228857028, -31.4602873190595],
            [-64.1342223127042, -31.4602558331333],
            [-64.1342094207646, -31.462180056976],
            [-64.1342024844059, -31.4671817917914],
            [-64.1341876672726, -31.4697484023183],
            [-64.127362630224, -31.4697680189759],
            [-64.1247153875213, -31.4697755292226],
            [-64.1220643256492, -31.4732216565792],
            [-64.1202100182743, -31.4755727325837],
            [-64.1187036994849, -31.4756356232503],
            [-64.1186444527826, -31.4826829458099],
            [-64.1186200522222, -31.4872683893892],
            [-64.1185946419356, -31.490507953501],
            [-64.1191688500499, -31.5255780957253],
            [-64.0559291519209, -31.5261298962986],
            [-64.0557401678439, -31.5096316966698],
            [-64.058193928917, -31.5075373630167],
            [-64.0703315333066, -31.4960123079792],
            [-64.0841471515174, -31.482979463162],
            [-64.0941336432327, -31.4736387803158],
            [-64.0954290580752, -31.472418934542],
            [-64.0969011902614, -31.4710797167358],
            [-64.0991298512947, -31.4689674686271],
            [-64.0997695057587, -31.468367469363],
            [-64.1014542534204, -31.4636208414433],
            [-64.102839374469, -31.4603094057736],
            [-64.1042168735594, -31.4603921531884],
            [-64.1063599553426, -31.4604237471873],
            [-64.1077586660066, -31.4603954061534],
            [-64.1079364089481, -31.4602307887978],
            [-64.1080325905221, -31.4600989438541],
            [-64.1081839551182, -31.4602086606727],
            [-64.1089416079229, -31.4602360877556],
            [-64.110071196326, -31.4602769712709],
            [-64.1112095132542, -31.4603213087017],
            [-64.1127722671228, -31.4603461648089],
            [-64.1143383358552, -31.4603710541423],
            [-64.116402221786, -31.4604038256254]
          ]
        ],
        "crs": null
      },
      "id": 45,
      "type": "Feature",
      "properties": {
        "fid": 45,
        "zona": 3,
        "areaprogr": "12",
        "cpc": "EMPALME",
        "id": "AP12",
        "SHAPE__Length": 31320.510659188,
        "objectid": 46,
        "denomina": "FERREYRA",
        "SHAPE__Area": 43891025.097988
      }
    },
    {
      "geometry": {
        "type": "Polygon",
        "coordinates": [
          [
            [-64.0830024377882, -31.4840652976632],
            [-64.082785067704, -31.4842645972688],
            [-64.0827727417647, -31.4826596297672],
            [-64.0827627384812, -31.481356914337],
            [-64.0827437722188, -31.4794916602398],
            [-64.0827064161095, -31.4763308105287],
            [-64.0826539818596, -31.4706978242084],
            [-64.08760211047, -31.4707032028052],
            [-64.0876113692564, -31.4689650244323],
            [-64.0876253921633, -31.467507878544],
            [-64.0874544399206, -31.4674261357326],
            [-64.0874942296392, -31.4631495131523],
            [-64.0872203802802, -31.4629616253652],
            [-64.0872050485572, -31.4584481369534],
            [-64.0862357759545, -31.4585857088267],
            [-64.0838795268573, -31.4586168812065],
            [-64.0782927637423, -31.4586602443533],
            [-64.0739450451196, -31.4593183769699],
            [-64.073906786569, -31.4547815237374],
            [-64.0739160017142, -31.4529137836559],
            [-64.0739201218846, -31.4523229335641],
            [-64.0739849271154, -31.4510633308812],
            [-64.0809925889857, -31.4510722366843],
            [-64.086604038168, -31.4510790917738],
            [-64.0897178317759, -31.4511200199745],
            [-64.0954266727989, -31.4511235430599],
            [-64.1079596659068, -31.4511480222057],
            [-64.1081009710141, -31.4599467364392],
            [-64.1080684013884, -31.4600498545646],
            [-64.1079364089481, -31.4602307887978],
            [-64.1077586660066, -31.4603954061534],
            [-64.1057612335053, -31.4604126695596],
            [-64.1041436242376, -31.4603722674813],
            [-64.1028218266183, -31.4603202380573],
            [-64.101697438881, -31.4630514774834],
            [-64.1010532395746, -31.4648042992647],
            [-64.0997654378067, -31.4683669045942],
            [-64.0842269470675, -31.4829097151205],
            [-64.0830024377882, -31.4840652976632]
          ]
        ],
        "crs": null
      },
      "id": 46,
      "type": "Feature",
      "properties": {
        "fid": 46,
        "zona": 3,
        "areaprogr": "02",
        "cpc": "EMPALME",
        "id": "APa2",
        "SHAPE__Length": 15971.7075179163,
        "objectid": 47,
        "denomina": "LOS SAUCES",
        "SHAPE__Area": 7692464.82582777
      }
    },
    {
      "geometry": {
        "type": "Polygon",
        "coordinates": [
          [
            [-64.1172339100398, -31.4510450461292],
            [-64.1137162331928, -31.4510603746879],
            [-64.1136658467118, -31.4461406619398],
            [-64.1121252547568, -31.4474714047885],
            [-64.1053993354443, -31.4480426972093],
            [-64.1054162289339, -31.4511464395021],
            [-64.0954353738344, -31.4511234686408],
            [-64.0809925889857, -31.4510722366843],
            [-64.0564118308726, -31.4512111528996],
            [-64.0563203090948, -31.4317580210917],
            [-64.0937517112962, -31.4312762939137],
            [-64.1112766140876, -31.430724910148],
            [-64.1135595735901, -31.4330471626608],
            [-64.1158270502329, -31.435097352341],
            [-64.1195687406247, -31.4385030362891],
            [-64.1220418827758, -31.4410852246214],
            [-64.1249414562329, -31.4438222659629],
            [-64.1244756695555, -31.4443273029646],
            [-64.1176902590823, -31.4510512289171],
            [-64.1172339100398, -31.4510450461292]
          ]
        ],
        "crs": null
      },
      "id": 47,
      "type": "Feature",
      "properties": {
        "fid": 47,
        "zona": 2,
        "areaprogr": "91",
        "cpc": "EMPALME",
        "id": "AP91",
        "SHAPE__Length": 20129.1172453989,
        "objectid": 48,
        "denomina": "VILLA BUSTOS",
        "SHAPE__Area": 17704352.8400777
      }
    },
    {
      "geometry": {
        "type": "Polygon",
        "coordinates": [
          [
            [-64.1192255349231, -31.4219533761938],
            [-64.1192482191666, -31.4245661472449],
            [-64.1192563801024, -31.4251988886523],
            [-64.1192881790314, -31.4277782212674],
            [-64.1192876974453, -31.4285849290451],
            [-64.1192763280516, -31.4297115856278],
            [-64.1192624403053, -31.4308304867096],
            [-64.1156348548962, -31.4307702342414],
            [-64.1112766140876, -31.430724910148],
            [-64.1096438682623, -31.430819551814],
            [-64.0937517112962, -31.4312762939137],
            [-64.0563203090948, -31.4317580210917],
            [-64.0561817386528, -31.4229830981181],
            [-64.0592546777671, -31.4229486582012],
            [-64.0680804862095, -31.4227863396098],
            [-64.0779776522008, -31.4225850109839],
            [-64.0904038861557, -31.4223311528019],
            [-64.1057901667587, -31.4216993895815],
            [-64.1064919933214, -31.421670528751],
            [-64.109737101556, -31.4215739841717],
            [-64.1096403588845, -31.4205990448979],
            [-64.1111067367807, -31.4212141548575],
            [-64.1151004931183, -31.4213259399583],
            [-64.1164059449, -31.4213516004739],
            [-64.1182819528012, -31.4214597395078],
            [-64.1186999940172, -31.4214951125799],
            [-64.1192332812856, -31.4215402347017],
            [-64.1192257434348, -31.4217540903724],
            [-64.1192255349231, -31.4219533761938]
          ]
        ],
        "crs": null
      },
      "id": 48,
      "type": "Feature",
      "properties": {
        "fid": 48,
        "zona": 2,
        "areaprogr": "10",
        "cpc": "EMPALME",
        "id": "AP10",
        "SHAPE__Length": 16546.0336966188,
        "objectid": 49,
        "denomina": "COLONIA LOLA",
        "SHAPE__Area": 8279791.88799384
      }
    },
    {
      "geometry": {
        "type": "Polygon",
        "coordinates": [
          [
            [-64.1232759618223, -31.4207153732456],
            [-64.1192425162392, -31.4207230245324],
            [-64.1192332812856, -31.4215402347017],
            [-64.1182819528012, -31.4214597395078],
            [-64.116277222454, -31.4213409250951],
            [-64.1148427112194, -31.4213172311416],
            [-64.1111067367807, -31.4212141548575],
            [-64.1096403588845, -31.4205990448979],
            [-64.109737101556, -31.4215739841717],
            [-64.1064919933214, -31.421670528751],
            [-64.1057901667587, -31.4216993895815],
            [-64.0904038861557, -31.4223311528019],
            [-64.0595537766614, -31.4229586676781],
            [-64.0561817386528, -31.4229830981181],
            [-64.0562011516807, -31.4198331754113],
            [-64.0567379511107, -31.4196712495455],
            [-64.0588077395935, -31.4196381711424],
            [-64.0600674320167, -31.4205393906913],
            [-64.062413899293, -31.4202320743216],
            [-64.063352582923, -31.4174733964526],
            [-64.0645786475775, -31.4170473847624],
            [-64.0654389773835, -31.4172641445697],
            [-64.0664367224721, -31.4180875108087],
            [-64.0691810602103, -31.4183365344355],
            [-64.0709862835026, -31.4180015904531],
            [-64.0708616770247, -31.4168830830697],
            [-64.0717270276636, -31.4159002427158],
            [-64.0723268423082, -31.4161671155216],
            [-64.0743009330337, -31.4159266725602],
            [-64.0757686115675, -31.4154345550595],
            [-64.0766565623868, -31.4148033504491],
            [-64.0767165387983, -31.4135233632718],
            [-64.0772134290935, -31.4129434206594],
            [-64.0774485276271, -31.4123017022762],
            [-64.0779457738928, -31.4117537409009],
            [-64.0785077352125, -31.4119729224425],
            [-64.0791236260659, -31.412015719292],
            [-64.0809804120652, -31.4113123502946],
            [-64.0825131024895, -31.411619284313],
            [-64.0842668039575, -31.4116844283442],
            [-64.0854925082215, -31.4112422276444],
            [-64.0881637601499, -31.4116354086959],
            [-64.0903330513195, -31.4121607518884],
            [-64.0910401448082, -31.412026786739],
            [-64.091391838804, -31.4117998828117],
            [-64.0921599894932, -31.4104978645861],
            [-64.0929041737559, -31.4103475793421],
            [-64.094047722264, -31.4108656092213],
            [-64.0946828145565, -31.4109561473422],
            [-64.095458652669, -31.4119251224311],
            [-64.0964318095119, -31.4122206781954],
            [-64.097773623269, -31.4121452183878],
            [-64.0992426033148, -31.411780770806],
            [-64.1008596234907, -31.4113190743287],
            [-64.1025542049079, -31.4111125856872],
            [-64.1032646397814, -31.4112664067685],
            [-64.1040649371875, -31.4111315677489],
            [-64.1048258779741, -31.4108211346612],
            [-64.1060464039615, -31.409946959979],
            [-64.1068218446553, -31.4092845333934],
            [-64.1072880996809, -31.4061137962605],
            [-64.107528235498, -31.4059197992809],
            [-64.1082569453769, -31.4044580935679],
            [-64.110389825759, -31.4034800264083],
            [-64.1112290313293, -31.4034887471438],
            [-64.1134168952285, -31.4040135408888],
            [-64.1147056637088, -31.4041942613245],
            [-64.1158222784695, -31.4040086179516],
            [-64.1166765354486, -31.4037132962112],
            [-64.1178308087648, -31.4035592951624],
            [-64.1186468170976, -31.4031843263527],
            [-64.1200054120637, -31.4029645480079],
            [-64.1210120349476, -31.4029397558855],
            [-64.1217977731247, -31.40315678998],
            [-64.1226411638657, -31.403517256423],
            [-64.1232104114179, -31.4043439292127],
            [-64.123984193224, -31.405120825193],
            [-64.1245667679612, -31.4054995581986],
            [-64.1249049181798, -31.4057572490371],
            [-64.1237479587437, -31.4074448290621],
            [-64.1232760500582, -31.4082113599078],
            [-64.1232987526182, -31.4108040475313],
            [-64.1233177943393, -31.4150522169299],
            [-64.1232759618223, -31.4207153732456]
          ]
        ],
        "crs": null
      },
      "id": 49,
      "type": "Feature",
      "properties": {
        "fid": 49,
        "zona": 2,
        "areaprogr": "80",
        "cpc": "EMPALME",
        "id": "AP80",
        "SHAPE__Length": 19851.5888010948,
        "objectid": 50,
        "denomina": "RENACIMIENTO",
        "SHAPE__Area": 10323007.4917324
      }
    },
    {
      "geometry": {
        "type": "Polygon",
        "coordinates": [
          [
            [-64.0718775529059, -31.415952012396],
            [-64.0688611853346, -31.4037232878982],
            [-64.065875108649, -31.3970212116325],
            [-64.0632946148386, -31.395133753198],
            [-64.0616709948534, -31.3838693398894],
            [-64.0665553037341, -31.3853094381582],
            [-64.0749916077994, -31.3877299043402],
            [-64.0820673739432, -31.3897188493259],
            [-64.0857517988873, -31.3907643611064],
            [-64.0877093466023, -31.3913197921628],
            [-64.0883674312207, -31.3915090528202],
            [-64.0888175300664, -31.3916384958248],
            [-64.0947581377627, -31.393364672373],
            [-64.0988994959738, -31.3946072432661],
            [-64.1012728160537, -31.395347528543],
            [-64.1036438354922, -31.3958863421034],
            [-64.1100142351287, -31.396657444402],
            [-64.1174229642832, -31.3973539638821],
            [-64.1231944922415, -31.3976812068671],
            [-64.1277598776782, -31.3976793097391],
            [-64.1270844574378, -31.3994787618926],
            [-64.1265768697157, -31.4010995242051],
            [-64.1259072074185, -31.4028869295649],
            [-64.1249049181798, -31.4057572490371],
            [-64.1243922799027, -31.4053949865328],
            [-64.1239389260522, -31.4050963858634],
            [-64.1232388858721, -31.4043765268745],
            [-64.1226326378463, -31.4035229142936],
            [-64.1218413919534, -31.4031515059262],
            [-64.1210164577741, -31.4029542167583],
            [-64.1201699947103, -31.4029513915666],
            [-64.1186587822541, -31.4031895445113],
            [-64.1178762804181, -31.4035542569229],
            [-64.1166148965164, -31.4037493055889],
            [-64.1157716918356, -31.4040225063223],
            [-64.1147601436057, -31.4041744614097],
            [-64.1134351577193, -31.404032597475],
            [-64.1111990389897, -31.4034589339209],
            [-64.1103766513829, -31.4034762861204],
            [-64.1082426296228, -31.40448660776],
            [-64.1075436078479, -31.4058730663468],
            [-64.1072959138955, -31.406100162572],
            [-64.1071288667626, -31.4071036859481],
            [-64.1068084860208, -31.4092639915078],
            [-64.1061483381372, -31.4099036592732],
            [-64.1048238207637, -31.4108251348616],
            [-64.1041240525232, -31.4111379241117],
            [-64.1033501803151, -31.4112556330758],
            [-64.1025143014741, -31.4111211058123],
            [-64.1008714141076, -31.4113295082021],
            [-64.0993503564254, -31.4117618019342],
            [-64.0978403719094, -31.4121224048782],
            [-64.0964466181754, -31.4122263637893],
            [-64.0954652465755, -31.4119075453589],
            [-64.0946672638887, -31.4109531841826],
            [-64.0940821646749, -31.4108763770423],
            [-64.0928836219843, -31.41033443548],
            [-64.0921226680301, -31.4105147519006],
            [-64.0914339845446, -31.4117885585845],
            [-64.0910435309138, -31.4120475162029],
            [-64.0904014213821, -31.4121961351573],
            [-64.0881653530369, -31.4116322955858],
            [-64.0854902179405, -31.4112459670876],
            [-64.08430300558, -31.4116854802368],
            [-64.0824899886935, -31.4116190024638],
            [-64.080984470851, -31.4113351747474],
            [-64.0791206308131, -31.4120359788742],
            [-64.0784878496023, -31.4119595018994],
            [-64.077937116641, -31.4117596287141],
            [-64.0774192269523, -31.412346827279],
            [-64.0772116466266, -31.4129620927059],
            [-64.076717239411, -31.4135184162577],
            [-64.0766601888582, -31.4147868372346],
            [-64.0758325350157, -31.415397083114],
            [-64.0743837526998, -31.4159102783235],
            [-64.0723478580275, -31.4161727375442],
            [-64.0718775529059, -31.415952012396]
          ]
        ],
        "crs": null
      },
      "id": 50,
      "type": "Feature",
      "properties": {
        "fid": 50,
        "zona": 2,
        "areaprogr": "84",
        "cpc": "PUEYRREDON",
        "id": "AP84",
        "SHAPE__Length": 20501.3950773693,
        "objectid": 51,
        "denomina": "BAJO GRANDE",
        "SHAPE__Area": 14465138.0817151
      }
    },
    {
      "geometry": {
        "type": "Polygon",
        "coordinates": [
          [
            [-64.1477855717081, -31.3966746991391],
            [-64.1470477107562, -31.396681303158],
            [-64.1439846321862, -31.3967056410484],
            [-64.1423369361137, -31.3966816273306],
            [-64.1412342565345, -31.3966691667579],
            [-64.1407438227766, -31.396662931618],
            [-64.1390490530266, -31.3966452762573],
            [-64.1382918389592, -31.3966373805425],
            [-64.137932562229, -31.3966351816657],
            [-64.1369736448508, -31.3966242517196],
            [-64.1363210640717, -31.3966168096651],
            [-64.1355838909941, -31.3966115276831],
            [-64.1343059339962, -31.3965938079731],
            [-64.1329577022162, -31.3965751003462],
            [-64.1308836525008, -31.3965713739559],
            [-64.1296362208405, -31.3965756729829],
            [-64.1277945628655, -31.396607724435],
            [-64.1277598776782, -31.3976793097391],
            [-64.1231944922415, -31.3976812068671],
            [-64.1173988511525, -31.3973596409314],
            [-64.1100271508327, -31.3966601922686],
            [-64.1036438354922, -31.3958863421034],
            [-64.1012728160537, -31.395347528543],
            [-64.0988994959738, -31.3946072432661],
            [-64.0947581377627, -31.393364672373],
            [-64.0888175300664, -31.3916384958248],
            [-64.0883674312207, -31.3915090528202],
            [-64.0877093466023, -31.3913197921628],
            [-64.0857517988873, -31.3907643611064],
            [-64.0820673739432, -31.3897188493259],
            [-64.0813489844404, -31.3872211608403],
            [-64.0807542507372, -31.3846508037719],
            [-64.0799245907021, -31.3814630405179],
            [-64.0791394381892, -31.3787073320073],
            [-64.0784376804094, -31.3758356773559],
            [-64.0823012307289, -31.3768377832027],
            [-64.1178130827637, -31.3851633612531],
            [-64.1223830374994, -31.3862276807739],
            [-64.1252694890698, -31.3870650459161],
            [-64.1256961803201, -31.3869148997994],
            [-64.1371847061937, -31.3898976362808],
            [-64.137537325808, -31.3899886894893],
            [-64.1423942443755, -31.3910714781989],
            [-64.1478000038119, -31.392294037531],
            [-64.147756571473, -31.3925964189658],
            [-64.1477855717081, -31.3966746991391]
          ]
        ],
        "crs": null
      },
      "id": 51,
      "type": "Feature",
      "properties": {
        "fid": 51,
        "zona": 2,
        "areaprogr": "03",
        "cpc": "PUEYRREDON",
        "id": "APa3",
        "SHAPE__Length": 18050.0586156891,
        "objectid": 52,
        "denomina": "LOS PINOS",
        "SHAPE__Area": 10857644.239018
      }
    },
    {
      "geometry": {
        "type": "Polygon",
        "coordinates": [
          [
            [-64.0823012307289, -31.3768377832027],
            [-64.0820829260145, -31.3757455935395],
            [-64.0795228867982, -31.3666954552266],
            [-64.0798714675945, -31.3666212769418],
            [-64.0796398560942, -31.3656684209272],
            [-64.0887724197527, -31.3677452829438],
            [-64.1094881254064, -31.3724324134286],
            [-64.1160799446686, -31.3739271295447],
            [-64.1190825473408, -31.3746177060815],
            [-64.1243385860912, -31.3758263617882],
            [-64.1279529229576, -31.3765180321512],
            [-64.1331433668569, -31.3775111226388],
            [-64.1357716059783, -31.3780220836959],
            [-64.1370854045152, -31.3782533321924],
            [-64.1371072111137, -31.3794152956231],
            [-64.1371272951352, -31.3821323416932],
            [-64.1371450274804, -31.3835352173454],
            [-64.1371847061937, -31.3898976362808],
            [-64.1314755090534, -31.3883917674142],
            [-64.1256961803201, -31.3869148997994],
            [-64.1252694890698, -31.3870650459161],
            [-64.1241476541976, -31.3867396092966],
            [-64.1223830374994, -31.3862276807739],
            [-64.1181572910619, -31.3852485896482],
            [-64.1178130827637, -31.3851633612531],
            [-64.0823012307289, -31.3768377832027]
          ]
        ],
        "crs": null
      },
      "id": 52,
      "type": "Feature",
      "properties": {
        "fid": 52,
        "zona": 2,
        "areaprogr": "05",
        "cpc": "RANCAGUA",
        "id": "APa5",
        "SHAPE__Length": 16000.8957290501,
        "objectid": 53,
        "denomina": "YOFRE NORTE",
        "SHAPE__Area": 8849117.50917849
      }
    },
    {
      "geometry": {
        "type": "Polygon",
        "coordinates": [
          [
            [-64.1243385860912, -31.3758263617882],
            [-64.1241660435329, -31.3757931485151],
            [-64.1190825473408, -31.3746177060815],
            [-64.056729426934, -31.3604418352787],
            [-64.0570958105821, -31.3079986774343],
            [-64.118213073123, -31.3083752832362],
            [-64.1182544430806, -31.3112851613847],
            [-64.118750839942, -31.3179899135988],
            [-64.1168352650452, -31.3206329205414],
            [-64.1156765792981, -31.3214308939718],
            [-64.11802883673, -31.3369057388844],
            [-64.1185383233752, -31.3382523200438],
            [-64.1188755899431, -31.3405702717943],
            [-64.119781808057, -31.3467748711841],
            [-64.1213364444183, -31.3566117617292],
            [-64.1231547508435, -31.3688975770289],
            [-64.1243385860912, -31.3758263617882]
          ]
        ],
        "crs": null
      },
      "id": 53,
      "type": "Feature",
      "properties": {
        "fid": 53,
        "zona": 1,
        "areaprogr": "74",
        "cpc": "RANCAGUA",
        "id": "AP74",
        "SHAPE__Length": 30411.6072463373,
        "objectid": 54,
        "denomina": "VILLA ESQUIU",
        "SHAPE__Area": 54061241.447712
      }
    },
    {
      "geometry": {
        "type": "Polygon",
        "coordinates": [
          [
            [-64.2401693279413, -31.3154603213017],
            [-64.2401948956373, -31.3127562926712],
            [-64.2402266096599, -31.3094024439103],
            [-64.2402380713126, -31.3081904281905],
            [-64.2536494945856, -31.3080891726767],
            [-64.2536587414072, -31.3085272055723],
            [-64.2535925559978, -31.3120961636691],
            [-64.2535483058229, -31.3134091860245],
            [-64.2535346141108, -31.3138154586857],
            [-64.253595779913, -31.3138420404429],
            [-64.2544398804485, -31.3142613698735],
            [-64.2558554302935, -31.3149826922376],
            [-64.2568019944619, -31.3154626317308],
            [-64.2567807623857, -31.3154829789542],
            [-64.2560171078308, -31.3165784962434],
            [-64.2550558816998, -31.3178668265346],
            [-64.2542714742565, -31.3190770673245],
            [-64.253594922128, -31.3200381009334],
            [-64.253399129709, -31.3203645170895],
            [-64.2534246497206, -31.3206124181164],
            [-64.2529575140049, -31.3205978896567],
            [-64.2528649307409, -31.3186807549269],
            [-64.2528551876135, -31.3184536299875],
            [-64.2528256533568, -31.317777918796],
            [-64.2528124106857, -31.3173765175232],
            [-64.2528153446636, -31.3170739364159],
            [-64.2528118774993, -31.3169298896081],
            [-64.2521828097107, -31.3169360269193],
            [-64.2518799019064, -31.316938920627],
            [-64.2516548060656, -31.3169410234416],
            [-64.2513084173174, -31.3169442594551],
            [-64.2508503300229, -31.3169534464049],
            [-64.2480402475438, -31.316980795321],
            [-64.2427715773725, -31.3170509952648],
            [-64.2401707091757, -31.3170952352699],
            [-64.2401693279413, -31.3154603213017]
          ]
        ],
        "crs": null
      },
      "id": 54,
      "type": "Feature",
      "properties": {
        "fid": 54,
        "zona": 6,
        "areaprogr": "101",
        "cpc": "ARGUELLO",
        "id": "AP101",
        "SHAPE__Length": 6535.03351657565,
        "objectid": 55,
        "denomina": "12 DE JULIO",
        "SHAPE__Area": 1903440.60028599
      }
    },
    {
      "geometry": {
        "type": "Polygon",
        "coordinates": [
          [
            [-64.2343505417338, -31.3333658858494],
            [-64.2348981582981, -31.3334734398334],
            [-64.23551336078, -31.3337237542215],
            [-64.2357982828683, -31.3338466441574],
            [-64.2365435682998, -31.3341680870611],
            [-64.2368720068796, -31.3343138970179],
            [-64.2373530202401, -31.3345171987226],
            [-64.2383595095505, -31.3349514195062],
            [-64.2397743233323, -31.3355670622102],
            [-64.2401931606228, -31.3357707642631],
            [-64.2401931657851, -31.3357731603404],
            [-64.2403265729262, -31.3366993038717],
            [-64.2403474694532, -31.3400018178103],
            [-64.2403644697087, -31.3426880569397],
            [-64.2403627507994, -31.3456276056041],
            [-64.240264214481, -31.3504009736171],
            [-64.237269273243, -31.3524875613859],
            [-64.2386139681924, -31.3582326037937],
            [-64.2356090212162, -31.3595757238352],
            [-64.2336428738561, -31.3604194263883],
            [-64.230440822782, -31.3619251504175],
            [-64.2264532904286, -31.3636578904651],
            [-64.2263470498322, -31.3601314677646],
            [-64.2262606374494, -31.3599602138619],
            [-64.2262218980258, -31.3598041281614],
            [-64.2261929973212, -31.3591300409989],
            [-64.2260711835291, -31.3533897922314],
            [-64.2247719789793, -31.3534381849439],
            [-64.2223855158409, -31.3537128269627],
            [-64.2176770562992, -31.35438730901],
            [-64.2147448175177, -31.3546130137568],
            [-64.2089802737051, -31.3546854567449],
            [-64.2026233206049, -31.3541699600211],
            [-64.2024479689158, -31.353183106752],
            [-64.2022685996138, -31.3521736216267],
            [-64.2059990041955, -31.3463978473913],
            [-64.2080210409926, -31.3431833643138],
            [-64.2080897350231, -31.335356100954],
            [-64.2081213059208, -31.3346335138889],
            [-64.208246508647, -31.3343418376607],
            [-64.2084064120983, -31.3342434999477],
            [-64.2092792459018, -31.3324685663356],
            [-64.2095354911118, -31.3317982226378],
            [-64.21089275351, -31.3282994601734],
            [-64.2111159638751, -31.3278113504415],
            [-64.2112910420127, -31.3271788474406],
            [-64.2116031739879, -31.3266944356612],
            [-64.2152859264683, -31.3188679272436],
            [-64.2158088597691, -31.3177800857591],
            [-64.2161609314968, -31.3169619322695],
            [-64.2164739639802, -31.3164595134618],
            [-64.2184023450531, -31.3122707397114],
            [-64.2204588387349, -31.308119658434],
            [-64.2248535911265, -31.3081345463294],
            [-64.2247876969895, -31.315853586746],
            [-64.2247776142308, -31.3177786656121],
            [-64.2249510230935, -31.3192739274449],
            [-64.2256148727359, -31.3202878486809],
            [-64.2255551215538, -31.3226693094979],
            [-64.2259380082402, -31.3251725821044],
            [-64.2262333700678, -31.3263576746395],
            [-64.2264362876219, -31.3272791411687],
            [-64.2263084264306, -31.3280754127617],
            [-64.2256736075326, -31.3298807856639],
            [-64.2254321917978, -31.3305828371702],
            [-64.225350582208, -31.3314822291878],
            [-64.2255855333062, -31.3315251165164],
            [-64.2257600764457, -31.3315591788745],
            [-64.2261464844476, -31.3316250597213],
            [-64.2267661557859, -31.3317676886594],
            [-64.227346755559, -31.3318580399989],
            [-64.2275564173526, -31.3318974031293],
            [-64.2277069791414, -31.3319316921796],
            [-64.2279914383353, -31.3320191392301],
            [-64.228309282326, -31.3320951620418],
            [-64.2285856257065, -31.3321343524328],
            [-64.2288366253292, -31.3321611053041],
            [-64.2290501448461, -31.3321710171095],
            [-64.2292615580099, -31.3321594385468],
            [-64.2296333603759, -31.3321614619359],
            [-64.2299907435255, -31.3322663540301],
            [-64.2305175549505, -31.3324388038414],
            [-64.2311084270103, -31.3326399803585],
            [-64.2313361079534, -31.3327126525381],
            [-64.2316309720738, -31.3327787429406],
            [-64.2320652130648, -31.3328508066961],
            [-64.2323522546678, -31.3328881637328],
            [-64.232690059798, -31.3329455931251],
            [-64.2329389609152, -31.332993346986],
            [-64.2330954311555, -31.3330405527556],
            [-64.233541448143, -31.3331720048027],
            [-64.2339156642654, -31.3332798091439],
            [-64.2343505417338, -31.3333658858494]
          ]
        ],
        "crs": null
      },
      "id": 55,
      "type": "Feature",
      "properties": {
        "fid": 55,
        "zona": 6,
        "areaprogr": "54",
        "cpc": "ARGUELLO, MP CABRERA",
        "id": "AP54",
        "SHAPE__Length": 20369.7595260294,
        "objectid": 56,
        "denomina": "LOS BOULEVARES",
        "SHAPE__Area": 15396466.0017581
      }
    },
    {
      "geometry": {
        "type": "Polygon",
        "coordinates": [
          [
            [-64.0820673739432, -31.3897188493259],
            [-64.0697987501072, -31.3862699268393],
            [-64.0616709948534, -31.3838693398894],
            [-64.0617480436279, -31.3843878584506],
            [-64.0632946148386, -31.395133753198],
            [-64.065875108649, -31.3970212116325],
            [-64.0669992863533, -31.3995444878247],
            [-64.0598535330818, -31.4015960732061],
            [-64.0574817199884, -31.4022798826635],
            [-64.0566711748868, -31.4024629771281],
            [-64.0567957499516, -31.3706463008217],
            [-64.0616086193434, -31.3719473525329],
            [-64.0716639888999, -31.3742609846845],
            [-64.0778714618774, -31.3756888037038],
            [-64.0784376804094, -31.3758356773559],
            [-64.0791394381892, -31.3787073320073],
            [-64.0799245907021, -31.3814630405179],
            [-64.0807542507372, -31.3846508037719],
            [-64.0813489844404, -31.3872211608403],
            [-64.0820673739432, -31.3897188493259]
          ]
        ],
        "crs": null
      },
      "id": 81,
      "type": "Feature",
      "properties": {
        "fid": 81,
        "zona": 2,
        "areaprogr": "72",
        "cpc": "PUEYRREDON",
        "id": "AP72",
        "SHAPE__Length": 14323.8003695249,
        "objectid": 52,
        "denomina": "LA FLORESTA",
        "SHAPE__Area": 5990435.55778471
      }
    },
    {
      "geometry": {
        "type": "Polygon",
        "coordinates": [
          [
            [-64.1468287099888, -31.308316325451],
            [-64.2204588387349, -31.308119658434],
            [-64.2112884543694, -31.3271721136025],
            [-64.211102949929, -31.3278401944742],
            [-64.210894723624, -31.3283016970451],
            [-64.2106939209742, -31.3288205717295],
            [-64.2094815521857, -31.3319353191133],
            [-64.2092628849361, -31.332497440815],
            [-64.208398587712, -31.3342503895886],
            [-64.208241751737, -31.3343495181702],
            [-64.2081114469143, -31.3346264669714],
            [-64.2039400524271, -31.3347077314595],
            [-64.1985561601317, -31.334720444],
            [-64.1970173030963, -31.3347620554843],
            [-64.1971167409678, -31.3358638200651],
            [-64.1841059982903, -31.336157897877],
            [-64.1841199250652, -31.3343297060021],
            [-64.1816951177434, -31.334297079792],
            [-64.1819503370695, -31.3361501370362],
            [-64.1758721630424, -31.3361551857562],
            [-64.1730100435824, -31.3362281733014],
            [-64.1711199311892, -31.3367471910022],
            [-64.1653415281973, -31.3383729685876],
            [-64.152384318118, -31.3421474461083],
            [-64.1475160775103, -31.3421771590989],
            [-64.1469643038935, -31.3204833593711],
            [-64.1499439442219, -31.3196713503937],
            [-64.1500887366585, -31.3194877397363],
            [-64.1480338717694, -31.3116946751196],
            [-64.1481118099817, -31.3115397691115],
            [-64.1480613550888, -31.3111870178662],
            [-64.1473203549186, -31.3094291367806],
            [-64.1468287099888, -31.308316325451]
          ]
        ],
        "crs": null
      },
      "id": 56,
      "type": "Feature",
      "properties": {
        "fid": 56,
        "zona": 1,
        "areaprogr": "51",
        "cpc": "CENTRO AMERICA, MONSEÑOR P. CABRERA",
        "id": "AP51",
        "SHAPE__Length": 24170.9923151546,
        "objectid": 57,
        "denomina": "GUIÑAZU",
        "SHAPE__Area": 27769229.2630025
      }
    },
    {
      "geometry": {
        "type": "Polygon",
        "coordinates": [
          [
            [-64.1432705545504, -31.3628755434929],
            [-64.143217172226, -31.3606434819404],
            [-64.1429934010294, -31.3533769771246],
            [-64.1416998683401, -31.3529565750096],
            [-64.1416946454459, -31.3479188898658],
            [-64.1387581159558, -31.34786048074],
            [-64.138746804458, -31.3462267833583],
            [-64.1342515718714, -31.3420160137954],
            [-64.13285028211, -31.3361795563153],
            [-64.1180291190326, -31.3369296125047],
            [-64.1156765792981, -31.3214308939718],
            [-64.1168890482797, -31.3205609405386],
            [-64.1187783663493, -31.3179657984804],
            [-64.1182544430806, -31.3112851613847],
            [-64.118213073123, -31.3083752832362],
            [-64.1468287099888, -31.308316325451],
            [-64.1480570696654, -31.3111798487265],
            [-64.1481118537048, -31.3115433733511],
            [-64.148033896185, -31.3116918386333],
            [-64.150083516825, -31.3194320911175],
            [-64.1499751853649, -31.3196718172622],
            [-64.1469814315358, -31.3204864944261],
            [-64.1475160775103, -31.3421771590989],
            [-64.152384318118, -31.3421474461083],
            [-64.1523916070973, -31.3442181155858],
            [-64.1524516336664, -31.3453633861801],
            [-64.1525530863422, -31.3502094395839],
            [-64.1526450253583, -31.3518935242206],
            [-64.152675950542, -31.3524006246694],
            [-64.1560524344053, -31.352444764315],
            [-64.1575749354142, -31.3524585317286],
            [-64.1577452642202, -31.3524404499302],
            [-64.1578081038825, -31.3543734151731],
            [-64.1576459325268, -31.3546215958548],
            [-64.1571665589884, -31.3553625768071],
            [-64.1568512048437, -31.3558721834229],
            [-64.1565799121063, -31.356101452414],
            [-64.1561824431445, -31.3564373492082],
            [-64.1551203706485, -31.3569025995619],
            [-64.1539352768279, -31.357412410503],
            [-64.1532627533029, -31.3576928397162],
            [-64.1532900997459, -31.360977645928],
            [-64.1476980643454, -31.3622377979205],
            [-64.1438175693194, -31.362809894698],
            [-64.1432705545504, -31.3628755434929]
          ]
        ],
        "crs": null
      },
      "id": 57,
      "type": "Feature",
      "properties": {
        "fid": 57,
        "zona": 1,
        "areaprogr": "94",
        "cpc": "RANCAGUA, C AMERICA",
        "id": "AP94",
        "SHAPE__Length": 22479.3597458351,
        "objectid": 58,
        "denomina": "PQUE LICEO III SECCION",
        "SHAPE__Area": 17225177.6102829
      }
    },
    {
      "geometry": {
        "type": "Polygon",
        "coordinates": [
          [
            [-64.1689096200762, -31.5253721975479],
            [-64.1694065890787, -31.5193678985175],
            [-64.169302701861, -31.5125619972352],
            [-64.1690555366511, -31.4997995267898],
            [-64.1690276788822, -31.4940130965609],
            [-64.1690172204362, -31.4872211460766],
            [-64.168945949771, -31.4725930472966],
            [-64.1690119788203, -31.4719720212843],
            [-64.1688946541593, -31.4713554568223],
            [-64.1683435664631, -31.4698701033264],
            [-64.1683120904196, -31.4690651989176],
            [-64.1683890436455, -31.4684867206794],
            [-64.1686521390417, -31.4669670820703],
            [-64.1689483872226, -31.4655948358081],
            [-64.168909804338, -31.4587071936438],
            [-64.1688252262559, -31.4584890960851],
            [-64.1687460594044, -31.4404749371257],
            [-64.1711297118719, -31.4407351325089],
            [-64.172781282886, -31.4409702070695],
            [-64.1766666907271, -31.4414362991617],
            [-64.1826062619577, -31.4421759958441],
            [-64.1867296799845, -31.4426932140117],
            [-64.1867195581987, -31.4428396986997],
            [-64.1866914789945, -31.4543210240954],
            [-64.1881298194871, -31.4543149828481],
            [-64.1884873222885, -31.4541677477922],
            [-64.1887535189392, -31.4549565493735],
            [-64.1890755847357, -31.4559469826972],
            [-64.1891946056387, -31.4564257288839],
            [-64.189346919034, -31.456977976016],
            [-64.1894064798214, -31.4569645441165],
            [-64.1922291720994, -31.4563562749747],
            [-64.1926828491625, -31.4579438458638],
            [-64.1925841583882, -31.4585478235914],
            [-64.19284661386, -31.4586014778457],
            [-64.1912821623579, -31.4596045801417],
            [-64.1908995545939, -31.4598333717118],
            [-64.1902304862946, -31.460248544036],
            [-64.1898828856025, -31.4591632130158],
            [-64.1867096177913, -31.4591790447526],
            [-64.1867958662957, -31.4644137766828],
            [-64.1867966383554, -31.4647724526952],
            [-64.1816114228392, -31.4647947442687],
            [-64.1816518751697, -31.4676723448006],
            [-64.1816584632594, -31.4681409869639],
            [-64.1876641304276, -31.4677554605152],
            [-64.1882663678745, -31.4685673445207],
            [-64.1885490372322, -31.4740192251386],
            [-64.1809100752613, -31.4742753291717],
            [-64.1810306397793, -31.4803865100636],
            [-64.1889157043637, -31.480271417119],
            [-64.1899054125101, -31.4994760945086],
            [-64.1905380534732, -31.5118981229582],
            [-64.1906792210768, -31.5141070754187],
            [-64.1913016666195, -31.5251353094164],
            [-64.1689096200762, -31.5253721975479]
          ]
        ],
        "crs": null
      },
      "id": 58,
      "type": "Feature",
      "properties": {
        "fid": 58,
        "zona": 3,
        "areaprogr": "35",
        "cpc": "LIBERTADOR",
        "id": "AP35",
        "SHAPE__Length": 30877.1542684991,
        "objectid": 59,
        "denomina": "VILLA REVOL",
        "SHAPE__Area": 23459848.9776961
      }
    },
    {
      "geometry": {
        "type": "Polygon",
        "coordinates": [
          [
            [-64.1845750178897, -31.3967012100219],
            [-64.1848442479837, -31.3973867570142],
            [-64.1856909638817, -31.3995283068258],
            [-64.1866173227567, -31.4018711680441],
            [-64.1869341737594, -31.4030258497925],
            [-64.1873873718998, -31.4051567905391],
            [-64.1878936444044, -31.4071936365078],
            [-64.1886349788995, -31.4068996754994],
            [-64.1899785675286, -31.4064149020035],
            [-64.193872810275, -31.4065480208729],
            [-64.1960875971996, -31.4124550271191],
            [-64.1973428508558, -31.4158878813916],
            [-64.1947397297486, -31.4167072583365],
            [-64.1934429112867, -31.4171144540058],
            [-64.1921104515481, -31.4175162264072],
            [-64.1913288683133, -31.4177518860566],
            [-64.1900610901965, -31.4181055330395],
            [-64.1905220907917, -31.4168141892957],
            [-64.1909262911537, -31.4155948440277],
            [-64.1915134497518, -31.4137956464659],
            [-64.1853170721699, -31.4156118735742],
            [-64.1799957628167, -31.4171862156754],
            [-64.1814346542154, -31.4206458538613],
            [-64.1825400852009, -31.4232707111849],
            [-64.1835197541038, -31.4255968071024],
            [-64.1845789777403, -31.4280771765087],
            [-64.1847363729111, -31.4280486686554],
            [-64.184799468496, -31.4280480852217],
            [-64.1850154930684, -31.4280821608608],
            [-64.1851529951047, -31.4281440141566],
            [-64.1853317273758, -31.4282481849078],
            [-64.1854618622875, -31.4284032786044],
            [-64.1888025907381, -31.427356147301],
            [-64.1901014047144, -31.4269516790993],
            [-64.1914654710041, -31.4265268874285],
            [-64.1915604757423, -31.4267521675974],
            [-64.1933774514546, -31.4310571384642],
            [-64.1939749350862, -31.4324723416411],
            [-64.1937072999957, -31.4326097320555],
            [-64.193576149923, -31.4327187654588],
            [-64.1934880773153, -31.432831965114],
            [-64.1934352329817, -31.4329503177596],
            [-64.1934919954335, -31.4332008630591],
            [-64.1936602380433, -31.4334228545418],
            [-64.1937601791497, -31.4335051803143],
            [-64.1939049325637, -31.4335762946307],
            [-64.1940690919057, -31.4336179343925],
            [-64.1943796237278, -31.4336014413442],
            [-64.1952929963843, -31.4363837500229],
            [-64.1959096734789, -31.4383557117173],
            [-64.1977960852132, -31.4440442367698],
            [-64.1953877871428, -31.4437503086984],
            [-64.1866247109734, -31.4426803941677],
            [-64.183727421706, -31.4423207516046],
            [-64.1766666907271, -31.4414362991617],
            [-64.1761268354579, -31.4332173590255],
            [-64.1754055300209, -31.4334944858196],
            [-64.174620038337, -31.4337528757579],
            [-64.1741220080707, -31.4338597490517],
            [-64.1733395352021, -31.4337043225328],
            [-64.1725997071081, -31.4334050799962],
            [-64.1720599008979, -31.4330466263487],
            [-64.1696532642623, -31.4332407545076],
            [-64.1698492455185, -31.4328564451972],
            [-64.1699533983256, -31.4322625880817],
            [-64.1698150660883, -31.4319004578469],
            [-64.1700580261034, -31.4317069796819],
            [-64.1700801465662, -31.4295463506578],
            [-64.1690372493502, -31.4296652778612],
            [-64.1678175166873, -31.4285401573031],
            [-64.1650630943266, -31.4256883573056],
            [-64.1623219138949, -31.4261729317673],
            [-64.1592204992477, -31.4266975025851],
            [-64.1584209795967, -31.426819243482],
            [-64.1568804714911, -31.427107390923],
            [-64.1559917537824, -31.4272387941608],
            [-64.1523389655543, -31.4286545620438],
            [-64.1479786287546, -31.4304985103536],
            [-64.1474291621402, -31.4295544997053],
            [-64.1472166156468, -31.4278172779366],
            [-64.14674457132, -31.4239588036757],
            [-64.1462002922715, -31.4195094422071],
            [-64.1474212454869, -31.4195022240149],
            [-64.1487860278782, -31.4191639068595],
            [-64.1499496134642, -31.4189578173275],
            [-64.1510851926894, -31.4185345763468],
            [-64.1534342201085, -31.4178395375507],
            [-64.1539110202696, -31.4174439378804],
            [-64.1545905892021, -31.4170465106967],
            [-64.1560265485898, -31.4163161695796],
            [-64.1563589850907, -31.416552302029],
            [-64.156880054859, -31.4176997805803],
            [-64.1569110059987, -31.4181560250698],
            [-64.1578459265971, -31.4199736791539],
            [-64.1632812453084, -31.4167070463447],
            [-64.1629062810676, -31.4150800062169],
            [-64.165187422286, -31.4089070792336],
            [-64.1723832499239, -31.4108598017504],
            [-64.1733708769104, -31.4081283250244],
            [-64.173899935426, -31.4066650454713],
            [-64.1746576706667, -31.4045281451621],
            [-64.1753658442658, -31.4024253333769],
            [-64.175925268324, -31.4012785447061],
            [-64.1759433439411, -31.3993459507936],
            [-64.1777038751298, -31.3988545958626],
            [-64.180952571579, -31.3978432874788],
            [-64.1845750178897, -31.3967012100219]
          ]
        ],
        "crs": null
      },
      "id": 59,
      "type": "Feature",
      "properties": {
        "fid": 59,
        "zona": 0,
        "areaprogr": "DC",
        "cpc": "CENTRAL, EMPALME, PUEYRREDON",
        "id": "DC99",
        "SHAPE__Length": 26943.6059365002,
        "objectid": 60,
        "denomina": "DC",
        "SHAPE__Area": 15353204.861562
      }
    },
    {
      "geometry": {
        "type": "Polygon",
        "coordinates": [
          [
            [-64.2089923270371, -31.3994196266877],
            [-64.2100855059103, -31.3990640836932],
            [-64.214376587367, -31.3977071807208],
            [-64.2192408459199, -31.3961598729571],
            [-64.2204655494184, -31.3958598282148],
            [-64.221562023107, -31.3955852218609],
            [-64.2225572375972, -31.3953359667965],
            [-64.2259289357702, -31.4029451664474],
            [-64.2203170735318, -31.4047559074853],
            [-64.2121584885495, -31.4073878242139],
            [-64.2089923270371, -31.3994196266877]
          ]
        ],
        "crs": null
      },
      "id": 60,
      "type": "Feature",
      "properties": {
        "fid": 60,
        "zona": 5,
        "areaprogr": "09",
        "cpc": "COLON",
        "id": "APa9",
        "SHAPE__Length": 5399.1456263379,
        "objectid": 61,
        "denomina": "ALBERDI OESTE",
        "SHAPE__Area": 1765262.58321507
      }
    },
    {
      "geometry": {
        "type": "Polygon",
        "coordinates": [
          [
            [-64.2160218025927, -31.4795230319382],
            [-64.215906003565, -31.4790355657556],
            [-64.2192664999608, -31.4783881399895],
            [-64.2243306525701, -31.4773929188947],
            [-64.2246729559446, -31.4786296152316],
            [-64.2250326318044, -31.4799878869959],
            [-64.2254584547352, -31.4815754838355],
            [-64.2255374134047, -31.4816399902188],
            [-64.2247072204102, -31.4816413384099],
            [-64.2249882490195, -31.4827095496996],
            [-64.2254208344523, -31.4844139290285],
            [-64.2258732706774, -31.4861628931037],
            [-64.2264599158894, -31.4882809961066],
            [-64.2267511047938, -31.4893406915865],
            [-64.2274193418412, -31.491867731061],
            [-64.2275169976473, -31.4962221453477],
            [-64.2275417335539, -31.4981903660248],
            [-64.2275885142686, -31.5019121813086],
            [-64.2276137063519, -31.5039161241368],
            [-64.2276456505538, -31.5064568839042],
            [-64.2277014515103, -31.5108943329897],
            [-64.2277518647308, -31.5149023952364],
            [-64.2278085882309, -31.5194112724929],
            [-64.2278766743681, -31.5248218498117],
            [-64.2157780387554, -31.5249273781295],
            [-64.2157396773558, -31.5223540045182],
            [-64.2156845863271, -31.5182744424564],
            [-64.2156295074823, -31.5141948939241],
            [-64.2155879633062, -31.5111173542581],
            [-64.2155444945032, -31.5078966548274],
            [-64.2154952371589, -31.5042465094732],
            [-64.2154498518777, -31.5008827481769],
            [-64.2154121955899, -31.4980913691091],
            [-64.2153813024542, -31.4958011229235],
            [-64.2153293956911, -31.4919523375259],
            [-64.2153427310265, -31.4799491008393],
            [-64.2159811335968, -31.4799255242026],
            [-64.2161225674923, -31.4799209729017],
            [-64.2161203382272, -31.4799063686696],
            [-64.2160218025927, -31.4795230319382]
          ]
        ],
        "crs": null
      },
      "id": 61,
      "type": "Feature",
      "properties": {
        "fid": 61,
        "zona": 4,
        "areaprogr": "86",
        "cpc": "LIBERTADOR",
        "id": "AP86",
        "SHAPE__Length": 14723.2513014133,
        "objectid": 62,
        "denomina": "EL LIBERTADOR",
        "SHAPE__Area": 7872478.59281833
      }
    },
    {
      "geometry": {
        "type": "Polygon",
        "coordinates": [
          [
            [-64.2392496808258, -31.4795180660047],
            [-64.2374703226017, -31.4780428733784],
            [-64.2374191111169, -31.4777585868869],
            [-64.2321884719986, -31.4734559456293],
            [-64.2275850954026, -31.4694250492317],
            [-64.2242467818551, -31.4668095926316],
            [-64.2222896530812, -31.46522680235],
            [-64.2214140358388, -31.4644928015668],
            [-64.2204488081733, -31.4636011676434],
            [-64.2201346370153, -31.463387293523],
            [-64.2165514125009, -31.4639718997352],
            [-64.2160995744689, -31.4621411499673],
            [-64.2154844324652, -31.4597197306806],
            [-64.2155114662408, -31.4595526511619],
            [-64.2145909168617, -31.4560831445023],
            [-64.2144263817842, -31.4561514339412],
            [-64.2130874141102, -31.451346265781],
            [-64.2281794279766, -31.4482222721207],
            [-64.2286261976398, -31.4488055346743],
            [-64.2293691404017, -31.4507199146068],
            [-64.2307076248515, -31.4526435790186],
            [-64.231859672799, -31.4536983386713],
            [-64.2334392579318, -31.4539683588571],
            [-64.2348827148339, -31.4545399071193],
            [-64.2368292333484, -31.4547462989844],
            [-64.2375302093464, -31.4547845621924],
            [-64.2384637472675, -31.4551958662623],
            [-64.2392703774291, -31.4552781340145],
            [-64.2399046808378, -31.4555722290035],
            [-64.2408844331127, -31.455502691981],
            [-64.2425427010017, -31.4550963085834],
            [-64.2436173326649, -31.4555812642139],
            [-64.2443369720123, -31.4570304119358],
            [-64.2458895729552, -31.4579010076713],
            [-64.2464274296475, -31.4588597295013],
            [-64.2473730754369, -31.4598102864338],
            [-64.2495381759179, -31.4608336263916],
            [-64.2507611170074, -31.4611698360289],
            [-64.2524966281703, -31.4604283450504],
            [-64.2537871827634, -31.4608955971671],
            [-64.2545207419178, -31.461575301881],
            [-64.2555960207037, -31.4631831849619],
            [-64.255494745851, -31.4646426401435],
            [-64.2556399724657, -31.4664760553661],
            [-64.2565441437282, -31.4675963165065],
            [-64.2571484696725, -31.4678686857544],
            [-64.2515074091916, -31.4726285085443],
            [-64.251546648946, -31.4744399793008],
            [-64.2492760493289, -31.4744694057028],
            [-64.2452401796331, -31.4745579335501],
            [-64.2430689923287, -31.4745908369389],
            [-64.243069281245, -31.475599999778],
            [-64.2433643910045, -31.4758472537133],
            [-64.2429130767202, -31.4762539101593],
            [-64.2419280524493, -31.4771241591878],
            [-64.2409606652688, -31.4779722124547],
            [-64.2399705249761, -31.478858907286],
            [-64.239260312713, -31.4795129427695],
            [-64.2392496808258, -31.4795180660047]
          ]
        ],
        "crs": null
      },
      "id": 62,
      "type": "Feature",
      "properties": {
        "fid": 62,
        "zona": 4,
        "areaprogr": "59",
        "cpc": "LIBERTADOR",
        "id": "AP59",
        "SHAPE__Length": 14522.2342371979,
        "objectid": 63,
        "denomina": "CONGRESO",
        "SHAPE__Area": 10241736.4808706
      }
    },
    {
      "geometry": {
        "type": "Polygon",
        "coordinates": [
          [
            [-64.2273903389103, -31.4816319245208],
            [-64.2273513393633, -31.4815241925862],
            [-64.2274080677602, -31.4730845307564],
            [-64.2275946402803, -31.4694782343004],
            [-64.2374496855646, -31.4777652559252],
            [-64.2375873293283, -31.478078604136],
            [-64.2417692655077, -31.4815824474104],
            [-64.2417344790638, -31.4815779891147],
            [-64.2397439541924, -31.4816031503803],
            [-64.2378071092459, -31.481609711234],
            [-64.2361673159278, -31.4816152402223],
            [-64.2345267696111, -31.4816235771845],
            [-64.2328299485037, -31.4816263966792],
            [-64.2316483548764, -31.4816317149171],
            [-64.2296177503968, -31.4816373206699],
            [-64.2283366586228, -31.4816352260444],
            [-64.2273903389103, -31.4816319245208]
          ]
        ],
        "crs": null
      },
      "id": 63,
      "type": "Feature",
      "properties": {
        "fid": 63,
        "zona": 4,
        "areaprogr": "46",
        "cpc": "LIBERTADOR",
        "id": "AP46",
        "SHAPE__Length": 5425.11064031841,
        "objectid": 64,
        "denomina": "SANTA ISABEL",
        "SHAPE__Area": 1292751.98394355
      }
    },
    {
      "geometry": {
        "type": "Polygon",
        "coordinates": [
          [
            [-64.1899911387082, -31.5009155460468],
            [-64.1901391899579, -31.5004051748037],
            [-64.1903387538702, -31.4997332884574],
            [-64.1905229850378, -31.4990769760685],
            [-64.190577603705, -31.498730542808],
            [-64.1905935106625, -31.4982705837532],
            [-64.1906064912213, -31.4972232492244],
            [-64.1907488732706, -31.4968066740762],
            [-64.1911663326686, -31.4960534612976],
            [-64.1915791830018, -31.4953045493061],
            [-64.1919905725348, -31.4941964155413],
            [-64.1922927354065, -31.4932910016206],
            [-64.1925859887522, -31.4924181348868],
            [-64.1928096084774, -31.4921082267477],
            [-64.1932565663448, -31.4917632914307],
            [-64.1942174475766, -31.4910046403196],
            [-64.1955845766944, -31.4899290051831],
            [-64.1964127568766, -31.4892857069723],
            [-64.1968196249506, -31.4890168613146],
            [-64.1976153798429, -31.4886783875734],
            [-64.1985493707681, -31.4882910110703],
            [-64.1994034004939, -31.4879449501914],
            [-64.2007487057882, -31.4873864283058],
            [-64.2022273909252, -31.4867825623284],
            [-64.203518322213, -31.4862993062117],
            [-64.2041851951635, -31.4861280582405],
            [-64.2049386005177, -31.4859608962426],
            [-64.2049428851888, -31.4859596285542],
            [-64.2050744125288, -31.486364726029],
            [-64.2052945740595, -31.4870605592722],
            [-64.2054888463137, -31.4876745592744],
            [-64.2059325755699, -31.488295118513],
            [-64.2068007348412, -31.4895651137237],
            [-64.2076316807321, -31.490749006032],
            [-64.2084361371739, -31.4918951217067],
            [-64.2094250142516, -31.4933039375854],
            [-64.2105999233257, -31.4948640343693],
            [-64.211198868208, -31.4956593150717],
            [-64.2113867524836, -31.4991438647423],
            [-64.2113868048269, -31.500694880361],
            [-64.211386863766, -31.5024076097338],
            [-64.2119145145835, -31.5024609587918],
            [-64.2118977846635, -31.5036547009875],
            [-64.2118800177461, -31.5049224065799],
            [-64.2097055614585, -31.5048083482817],
            [-64.2079874237821, -31.5048209274721],
            [-64.2058494511883, -31.5048365481161],
            [-64.2056810482381, -31.5036207229445],
            [-64.2009065200782, -31.5035178728113],
            [-64.1972370061008, -31.503546930294],
            [-64.195731986912, -31.5035131313295],
            [-64.1934754426293, -31.5034615711733],
            [-64.1912583348926, -31.5034112083235],
            [-64.1901140843722, -31.5033902362164],
            [-64.1900618255789, -31.5023383842722],
            [-64.1899911387082, -31.5009155460468]
          ]
        ],
        "crs": null
      },
      "id": 64,
      "type": "Feature",
      "properties": {
        "fid": 64,
        "zona": 4,
        "areaprogr": "79",
        "cpc": "LIBERTADOR",
        "id": "AP79",
        "SHAPE__Length": 8399.83559301154,
        "objectid": 68,
        "denomina": "ALBERT SABIN",
        "SHAPE__Area": 4226582.08821969
      }
    },
    {
      "geometry": {
        "type": "Polygon",
        "coordinates": [
          [
            [-64.2058494511883, -31.5048365481161],
            [-64.2062732373892, -31.524990820405],
            [-64.1913021490667, -31.5251374043105],
            [-64.1908463467685, -31.517280771663],
            [-64.1906078468051, -31.5129240724665],
            [-64.1905158339162, -31.511888699395],
            [-64.1903558404684, -31.5082558751901],
            [-64.1901140843722, -31.5033902362164],
            [-64.1912583348926, -31.5034112083235],
            [-64.1934754426293, -31.5034615711733],
            [-64.195731986912, -31.5035131313295],
            [-64.1972370061008, -31.503546930294],
            [-64.2009065200782, -31.5035178728113],
            [-64.2056810482381, -31.5036207229445],
            [-64.2058494511883, -31.5048365481161]
          ]
        ],
        "crs": null
      },
      "id": 65,
      "type": "Feature",
      "properties": {
        "fid": 65,
        "zona": 4,
        "areaprogr": "89",
        "cpc": "LIBERTADOR",
        "id": "AP89",
        "SHAPE__Length": 9034.92278069688,
        "objectid": 69,
        "denomina": "VILLA  RIVADAVIA",
        "SHAPE__Area": 4810494.23945788
      }
    },
    {
      "geometry": {
        "type": "Polygon",
        "coordinates": [
          [
            [-64.2520091160617, -31.3345142855722],
            [-64.252005862436, -31.3348721566218],
            [-64.2519945365227, -31.3361180496028],
            [-64.2520087252505, -31.3375954390691],
            [-64.2520469155306, -31.3386730054461],
            [-64.2521124968102, -31.3387661687219],
            [-64.2515101556582, -31.3390148245691],
            [-64.2513628726002, -31.3390694381433],
            [-64.2511637313662, -31.3391068310949],
            [-64.2508405226986, -31.3391034761806],
            [-64.2505076057704, -31.3390496935915],
            [-64.2502942461312, -31.3389261235642],
            [-64.250142108782, -31.3388433969708],
            [-64.2489610547098, -31.3385246739762],
            [-64.2477712047286, -31.3382035644284],
            [-64.2470318742806, -31.3380048276424],
            [-64.2466058794844, -31.3378968166777],
            [-64.2464228671961, -31.3378504130221],
            [-64.2461963979561, -31.3382188243603],
            [-64.2458526066403, -31.3387780847627],
            [-64.2453953398073, -31.3395143816482],
            [-64.2460150416835, -31.3402209056761],
            [-64.2442741413688, -31.3412577878311],
            [-64.2418734846842, -31.3385072816708],
            [-64.2403265729262, -31.3366993038717],
            [-64.2401931606228, -31.3357707642631],
            [-64.2397743233323, -31.3355670622102],
            [-64.2389000150825, -31.3351843845557],
            [-64.2373530202401, -31.3345171987226],
            [-64.2365435682998, -31.3341680870611],
            [-64.2357982828683, -31.3338466441574],
            [-64.23551336078, -31.3337237542215],
            [-64.2351095169827, -31.3335541423609],
            [-64.2348981582981, -31.3334734398334],
            [-64.2343505417338, -31.3333658858494],
            [-64.2343532386336, -31.3329689237991],
            [-64.2343528728814, -31.3328875418429],
            [-64.2343518225334, -31.3326541515019],
            [-64.2343507140729, -31.3324077755303],
            [-64.2343459601354, -31.3313510418089],
            [-64.2343440181445, -31.3310949648293],
            [-64.2343313964956, -31.3294301354936],
            [-64.2380443492614, -31.3294034148418],
            [-64.2401792077908, -31.3293880028643],
            [-64.2406557560581, -31.3293855365008],
            [-64.2411409171122, -31.3293838003261],
            [-64.2418955654666, -31.3293810964145],
            [-64.243034203287, -31.3293770082557],
            [-64.2440533356492, -31.3293733405963],
            [-64.2440526960002, -31.3294281411982],
            [-64.2440527853007, -31.3294281412345],
            [-64.244245831432, -31.3294284199069],
            [-64.2457258882276, -31.3294305460886],
            [-64.2467070572537, -31.3293165530539],
            [-64.2475719186718, -31.3293207452022],
            [-64.251159112213, -31.3293475424776],
            [-64.2520330227768, -31.3293573383517],
            [-64.2536092852931, -31.3293602747984],
            [-64.2537237409308, -31.3299210915887],
            [-64.2538790275444, -31.3306989478126],
            [-64.2539613684557, -31.3311042244581],
            [-64.2541483162173, -31.3320386000619],
            [-64.2544675702146, -31.3335816669163],
            [-64.2528648634118, -31.3335547793961],
            [-64.2520178354722, -31.3335485539987],
            [-64.2520150842715, -31.3339209673776],
            [-64.2520091160617, -31.3345142855722]
          ]
        ],
        "crs": null
      },
      "id": 66,
      "type": "Feature",
      "properties": {
        "fid": 66,
        "zona": 6,
        "areaprogr": "57",
        "cpc": "ARGUELLO",
        "id": "AP57",
        "SHAPE__Length": 7032.96466946705,
        "objectid": 73,
        "denomina": "ARGUELLO IPV",
        "SHAPE__Area": 2196590.83754933
      }
    },
    {
      "geometry": {
        "type": "Polygon",
        "coordinates": [
          [
            [-64.0820829260145, -31.3757455935395],
            [-64.0823012307289, -31.3768377832027],
            [-64.0778714618774, -31.3756888037038],
            [-64.0716639888999, -31.3742609846845],
            [-64.0616086193434, -31.3719473525329],
            [-64.0567957499516, -31.3706463008217],
            [-64.056729426934, -31.3604418352787],
            [-64.0700460558723, -31.3634858624079],
            [-64.0796398560942, -31.3656684209272],
            [-64.0798714675945, -31.3666212769418],
            [-64.0795228867982, -31.3666954552266],
            [-64.0820829260145, -31.3757455935395]
          ]
        ],
        "crs": null
      },
      "id": 80,
      "type": "Feature",
      "properties": {
        "fid": 80,
        "zona": 2,
        "areaprogr": "69",
        "cpc": "RANCAGUA",
        "id": "AP69",
        "SHAPE__Length": 8447.72557156883,
        "objectid": 53,
        "denomina": "GRAL ARENALES",
        "SHAPE__Area": 3629147.37156765
      }
    },
    {
      "geometry": {
        "type": "MultiPolygon",
        "coordinates": [
          [
            [
              [-64.2204488081733, -31.4636011676434],
              [-64.2212804089875, -31.4643572357731],
              [-64.2225954917967, -31.4654641297259],
              [-64.2239208635248, -31.4665562766944],
              [-64.2262567761491, -31.4684249656855],
              [-64.2275946402803, -31.4694782343004],
              [-64.2274580075674, -31.4722927816477],
              [-64.2274046022543, -31.4751774762801],
              [-64.2273903389103, -31.4816319245208],
              [-64.2273336864191, -31.4816568821412],
              [-64.2272079503654, -31.4816555085236],
              [-64.2255968110182, -31.4816378956746],
              [-64.2255626513874, -31.4816398180209],
              [-64.2254584547352, -31.4815754838355],
              [-64.2253117502189, -31.4810285300904],
              [-64.2250326318044, -31.4799878869959],
              [-64.2246729559446, -31.4786296152316],
              [-64.2243306525701, -31.4773929188947],
              [-64.2235700575979, -31.4775424076346],
              [-64.2190765101663, -31.4784247454251],
              [-64.215906003565, -31.4790355657556],
              [-64.2158726684239, -31.4789017565753],
              [-64.215484779144, -31.4773284861519],
              [-64.2151414985458, -31.4759419541195],
              [-64.2144338482217, -31.4730914209807],
              [-64.2133887988293, -31.4695620177339],
              [-64.2177727266038, -31.4686597167215],
              [-64.2172925220345, -31.4665174004916],
              [-64.217070322584, -31.4655260759423],
              [-64.2165794787817, -31.4639964362695],
              [-64.2199688632881, -31.4634143417734],
              [-64.2201139357801, -31.46339067144],
              [-64.2204488081733, -31.4636011676434]
            ]
          ],
          [
            [
              [-64.2201139357801, -31.46339067144],
              [-64.2201123786207, -31.4633896924911],
              [-64.2201139756726, -31.4633906647472],
              [-64.2201139357801, -31.46339067144]
            ]
          ]
        ],
        "crs": null
      },
      "id": 82,
      "type": "Feature",
      "properties": {
        "fid": 82,
        "zona": 4,
        "areaprogr": "41",
        "cpc": "LIBERTADOR",
        "id": "AP41",
        "SHAPE__Length": 7274.38788231739,
        "objectid": 107,
        "denomina": "VILLA EL LIBERTADOR",
        "SHAPE__Area": 2341647.45388298
      }
    },
    {
      "geometry": {
        "type": "Polygon",
        "coordinates": [
          [
            [-64.2422890685102, -31.3170749272063],
            [-64.2438071755745, -31.3170442450555],
            [-64.2445731963845, -31.3170315915263],
            [-64.2478879702829, -31.3169975280399],
            [-64.2496739596517, -31.3169691765413],
            [-64.2504358582683, -31.3169617578015],
            [-64.2513084173174, -31.3169442594551],
            [-64.2520293170318, -31.3169375239567],
            [-64.2528118774993, -31.3169298896081],
            [-64.2528141249762, -31.3170113315372],
            [-64.2528153446636, -31.3170739364159],
            [-64.2528116296035, -31.3174570772646],
            [-64.2528551876135, -31.3184536299875],
            [-64.252948145332, -31.3206205436527],
            [-64.2529541937703, -31.3219150641261],
            [-64.2540822534592, -31.3219172809449],
            [-64.2546695145299, -31.3219303849495],
            [-64.2548497624799, -31.3222662937564],
            [-64.2549779676774, -31.3225317507704],
            [-64.2550402898799, -31.3226607928688],
            [-64.2551792170921, -31.3229484494359],
            [-64.2553050450554, -31.3232200228813],
            [-64.2554431466222, -31.323518085124],
            [-64.2555036630511, -31.3236486948397],
            [-64.2555884836159, -31.3238771356684],
            [-64.2556998116862, -31.3241769718037],
            [-64.2562485616429, -31.3241800895131],
            [-64.2569001113059, -31.3241837855194],
            [-64.2572361395056, -31.3241856901248],
            [-64.2572338813694, -31.3244259315699],
            [-64.2572318570655, -31.3246412418289],
            [-64.2577609341119, -31.3246703466476],
            [-64.2582257496987, -31.3247636923545],
            [-64.2590219745712, -31.3250977921323],
            [-64.2596308748214, -31.3255627813113],
            [-64.2599011547993, -31.3260224784049],
            [-64.2602241436165, -31.3265718190071],
            [-64.2605510272059, -31.3271139600301],
            [-64.2609423718457, -31.3278637995591],
            [-64.2612555551083, -31.3284609918241],
            [-64.2615850515507, -31.3290892842531],
            [-64.2617740925665, -31.3294457952452],
            [-64.26220260765, -31.3302539189069],
            [-64.2621526524363, -31.3302794643626],
            [-64.2614055451348, -31.3305802621029],
            [-64.2606174235447, -31.3308794617877],
            [-64.2603089292646, -31.3302823105808],
            [-64.2601472412294, -31.3299839312591],
            [-64.260030804117, -31.3297690555779],
            [-64.259930089497, -31.3295831937262],
            [-64.2596949657165, -31.3291492857608],
            [-64.2591805977926, -31.3291495524416],
            [-64.2589609340479, -31.3291496655403],
            [-64.2587533393068, -31.3291497726283],
            [-64.2584074343985, -31.3292257632791],
            [-64.2579464427409, -31.3293270361134],
            [-64.2576970932591, -31.3293457177838],
            [-64.2574233156232, -31.3293662290919],
            [-64.2571957790978, -31.3293668825423],
            [-64.256775875132, -31.3293661132885],
            [-64.2562999314737, -31.3293652355702],
            [-64.2554447273779, -31.3293636402159],
            [-64.2547622367546, -31.3293623943377],
            [-64.254461810224, -31.3293618409391],
            [-64.2536092852333, -31.3293602702899],
            [-64.2529064270079, -31.3293589663696],
            [-64.2520330227768, -31.3293573383517],
            [-64.2510745412447, -31.3293448551718],
            [-64.2501451113145, -31.3293327428968],
            [-64.2489492730332, -31.3293271754784],
            [-64.2485628176151, -31.329325556953],
            [-64.2475719186718, -31.3293207452022],
            [-64.2467070572537, -31.3293165530539],
            [-64.2457258882276, -31.3294305460886],
            [-64.2446296546651, -31.3294280388498],
            [-64.2440527853007, -31.3294281412345],
            [-64.2440526960002, -31.3294281411982],
            [-64.2440533356492, -31.3293733405963],
            [-64.243034203287, -31.3293770082557],
            [-64.2418955654666, -31.3293810964145],
            [-64.2411409171122, -31.3293838003261],
            [-64.2406557560581, -31.3293855365008],
            [-64.2401930554583, -31.3293871908953],
            [-64.2401792077908, -31.3293880028643],
            [-64.2380443492614, -31.3294034148418],
            [-64.2344566212308, -31.3294286588206],
            [-64.2343313964956, -31.3294301354936],
            [-64.2343217421544, -31.3269000812364],
            [-64.2343045089244, -31.3250725366769],
            [-64.2343040510763, -31.323747447593],
            [-64.2342924728286, -31.3216723289738],
            [-64.2342823983098, -31.3198723882807],
            [-64.2342604054601, -31.317921354413],
            [-64.2343178128152, -31.3166017587918],
            [-64.2342718649948, -31.3134906664673],
            [-64.2342591279747, -31.312628119809],
            [-64.2342482455118, -31.3118912266575],
            [-64.2342480774519, -31.3112629124806],
            [-64.2342479436399, -31.3107582718538],
            [-64.2342472453002, -31.3081382254393],
            [-64.2402380713126, -31.3081904281905],
            [-64.2401536537429, -31.3171180546295],
            [-64.2410557648846, -31.3170998399619],
            [-64.2422890685102, -31.3170749272063]
          ]
        ],
        "crs": null
      },
      "id": 67,
      "type": "Feature",
      "properties": {
        "fid": 67,
        "zona": 6,
        "areaprogr": "61",
        "cpc": "ARGUELLO",
        "id": "AP61",
        "SHAPE__Length": 11654.3276146914,
        "objectid": 105,
        "denomina": "EL CERRITO",
        "SHAPE__Area": 4740740.41880592
      }
    },
    {
      "geometry": {
        "type": "Polygon",
        "coordinates": [
          [
            [-64.2645592164669, -31.3181666162722],
            [-64.2638497905703, -31.3192842240457],
            [-64.2635205854593, -31.3198028313365],
            [-64.2624807969158, -31.3192616715708],
            [-64.2629238887551, -31.3185585686429],
            [-64.2612166736477, -31.3177127160074],
            [-64.2597761861196, -31.3169763403365],
            [-64.2588808304432, -31.316521275834],
            [-64.2577924628937, -31.3159697673761],
            [-64.2568578850812, -31.3154909697719],
            [-64.2558554302935, -31.3149826922376],
            [-64.2549165001676, -31.3145046955266],
            [-64.2544398804485, -31.3142613698735],
            [-64.253595779913, -31.3138420404429],
            [-64.2535346141108, -31.3138154586857],
            [-64.2535487326635, -31.3133965266498],
            [-64.2535925559978, -31.3120961636691],
            [-64.2536587414072, -31.3085272055723],
            [-64.2536494793862, -31.3080884216104],
            [-64.2715573833293, -31.3080143399785],
            [-64.2701282285407, -31.3106326722755],
            [-64.2681673170263, -31.3134562138206],
            [-64.2673511436388, -31.3146273543083],
            [-64.2665302806329, -31.3142583363868],
            [-64.2648905876031, -31.3167033127407],
            [-64.2653838287467, -31.316945029969],
            [-64.2645592164669, -31.3181666162722]
          ]
        ],
        "crs": null
      },
      "id": 68,
      "type": "Feature",
      "properties": {
        "fid": 68,
        "zona": 6,
        "areaprogr": "67",
        "cpc": "ARGUELLO",
        "id": "AP67",
        "SHAPE__Length": 6135.60706777101,
        "objectid": 106,
        "denomina": "16 DE NOVIEMBRE",
        "SHAPE__Area": 1884653.54422173
      }
    },
    {
      "geometry": {
        "type": "Polygon",
        "coordinates": [
          [
            [-64.1517410560023, -31.4585946874926],
            [-64.1517411386204, -31.4585890603344],
            [-64.1518438396873, -31.4512332564379],
            [-64.1524989275705, -31.4512287276796],
            [-64.1525074145762, -31.4505020548143],
            [-64.1525136833321, -31.4499653609794],
            [-64.1525019600666, -31.4490855423875],
            [-64.1524927476531, -31.4486890630371],
            [-64.1524778278162, -31.4480442003366],
            [-64.1620200233777, -31.4481101568214],
            [-64.1631249773863, -31.4481011789112],
            [-64.1667678773855, -31.4480715130534],
            [-64.1674474014413, -31.4478043869874],
            [-64.1687485538959, -31.4477848362846],
            [-64.1687910308634, -31.4511269548646],
            [-64.1687953399974, -31.4540896698474],
            [-64.1688339469515, -31.4584737082445],
            [-64.1619635629893, -31.4585457753721],
            [-64.1560406370141, -31.4585925482403],
            [-64.1517410560023, -31.4585946874926]
          ]
        ],
        "crs": null
      },
      "id": 69,
      "type": "Feature",
      "properties": {
        "fid": 69,
        "zona": 3,
        "areaprogr": "64",
        "cpc": "EMPALME",
        "id": "AP64",
        "SHAPE__Length": 6565.91563199283,
        "objectid": 44,
        "denomina": "BIALET MASSE",
        "SHAPE__Area": 2560444.99977995
      }
    },
    {
      "geometry": {
        "type": "Polygon",
        "coordinates": [
          [
            [-64.1482851818693, -31.4600732287107],
            [-64.1480677249825, -31.4599245052123],
            [-64.1459596874842, -31.4584885081376],
            [-64.1424137365776, -31.4560237724423],
            [-64.1387256412027, -31.4534383336333],
            [-64.1381962689132, -31.4530695377457],
            [-64.1334629445351, -31.4501650179535],
            [-64.1342635318474, -31.4496615755997],
            [-64.138874869298, -31.4471249452159],
            [-64.1388397801099, -31.4470799625461],
            [-64.1406635653414, -31.446056654169],
            [-64.1454921524098, -31.443347151473],
            [-64.1468637732497, -31.4425774227582],
            [-64.1486136782315, -31.4417540362616],
            [-64.1490550659608, -31.4415688108057],
            [-64.1492581278278, -31.4419125948949],
            [-64.149233588828, -31.4424791240619],
            [-64.1491678607018, -31.4439965963226],
            [-64.149120868622, -31.4455920515045],
            [-64.1490690848454, -31.446766729685],
            [-64.1490387320685, -31.4480383490398],
            [-64.1518805556808, -31.4480422540288],
            [-64.1518770507139, -31.4483118506809],
            [-64.1517383663502, -31.4589809007285],
            [-64.1515673885277, -31.459966643384],
            [-64.1482851818693, -31.4600732287107]
          ]
        ],
        "crs": null
      },
      "id": 70,
      "type": "Feature",
      "properties": {
        "fid": 70,
        "zona": 3,
        "areaprogr": "95",
        "cpc": "EMPALME",
        "id": "AP95",
        "SHAPE__Length": 7261.43634738503,
        "objectid": 17,
        "denomina": "CNO 60 CUADRAS",
        "SHAPE__Area": 2636415.69130711
      }
    },
    {
      "geometry": {
        "type": "Polygon",
        "coordinates": [
          [
            [-64.1244756695555, -31.4443273029646],
            [-64.1249414562329, -31.4438222659629],
            [-64.1259172670992, -31.4428822158274],
            [-64.1275941073939, -31.4412869166331],
            [-64.1300129828747, -31.4389286280295],
            [-64.132430649923, -31.4364799250439],
            [-64.1334764834322, -31.4353505803996],
            [-64.1340906109017, -31.43480159093],
            [-64.134959766467, -31.4342276921595],
            [-64.1361496996698, -31.4336056467191],
            [-64.1377002010458, -31.4329501915939],
            [-64.1388989282107, -31.4326941868363],
            [-64.139984891653, -31.4325788372374],
            [-64.1441100785205, -31.4318652352593],
            [-64.1453989049562, -31.4315567535137],
            [-64.1463101194021, -31.4312198209535],
            [-64.1453232850614, -31.4319498485016],
            [-64.1447684756569, -31.4326070704722],
            [-64.144392994167, -31.4332626883794],
            [-64.1440406325712, -31.4342946077801],
            [-64.1437754199515, -31.4353734759469],
            [-64.1437823101284, -31.4359408301211],
            [-64.1438444724394, -31.436475872816],
            [-64.1441628310117, -31.4372260494471],
            [-64.1444509170685, -31.4380295242437],
            [-64.1452536646372, -31.4389397608574],
            [-64.1467065036607, -31.4399025057173],
            [-64.1481017750741, -31.4411068645517],
            [-64.1490550659608, -31.4415688108057],
            [-64.1486524354816, -31.4417357993981],
            [-64.1468637732497, -31.4425774227582],
            [-64.1388397801099, -31.4470799625461],
            [-64.138874869298, -31.4471249452159],
            [-64.1344801498809, -31.4495424235128],
            [-64.1338432394854, -31.447163274477],
            [-64.1332874798825, -31.4440944598755],
            [-64.1323518807618, -31.4442204746249],
            [-64.1318809191048, -31.444285566693],
            [-64.1315344234835, -31.4442936682937],
            [-64.1310188774976, -31.4443085815713],
            [-64.1305061642536, -31.4443282429037],
            [-64.130505752584, -31.4442588299514],
            [-64.1293910490759, -31.4443027961332],
            [-64.1279131556765, -31.4443618119386],
            [-64.1257914100503, -31.4443469063142],
            [-64.1244756695555, -31.4443273029646]
          ]
        ],
        "crs": null
      },
      "id": 71,
      "type": "Feature",
      "properties": {
        "fid": 71,
        "zona": 3,
        "areaprogr": "37",
        "cpc": "EMPALME",
        "id": "AP37",
        "SHAPE__Length": 8434.58819829919,
        "objectid": 17,
        "denomina": "JOSE I DIAZ",
        "SHAPE__Area": 2945793.84845689
      }
    },
    {
      "geometry": {
        "type": "Polygon",
        "coordinates": [
          [
            [-64.1260224245212, -31.4603703791285],
            [-64.1180326772887, -31.4604296919759],
            [-64.116402221786, -31.4604038256254],
            [-64.1143383358552, -31.4603710541423],
            [-64.1112095132542, -31.4603213087017],
            [-64.1081839551182, -31.4602086606727],
            [-64.1085319383741, -31.4598821363489],
            [-64.1092009323181, -31.4592461302723],
            [-64.1104271290434, -31.4580803673827],
            [-64.1114223178466, -31.4571341962812],
            [-64.1114797253698, -31.4570849456795],
            [-64.1120185507864, -31.4570927410626],
            [-64.1133540300552, -31.4571120529143],
            [-64.1166638748485, -31.4570579002221],
            [-64.1208004310221, -31.4569529030853],
            [-64.1217610943789, -31.4567360284377],
            [-64.1240571983188, -31.4554764782764],
            [-64.1259978753015, -31.4543991573651],
            [-64.1264842135508, -31.4541327364778],
            [-64.1275826221663, -31.4535252499012],
            [-64.1288029566872, -31.452842532933],
            [-64.1297084645904, -31.4523359302117],
            [-64.130607602826, -31.4518196359881],
            [-64.1322168519616, -31.4508874256497],
            [-64.1334629445351, -31.4501650179535],
            [-64.1381962689132, -31.4530695377457],
            [-64.1387256412027, -31.4534383336333],
            [-64.1424137365776, -31.4560237724423],
            [-64.1459596874842, -31.4584885081376],
            [-64.1480677249825, -31.4599245052123],
            [-64.1482851818693, -31.4600732287107],
            [-64.1464778428636, -31.4601183635774],
            [-64.1440812218816, -31.4601807260367],
            [-64.1411201571531, -31.4602028045575],
            [-64.1353342682214, -31.4602473104757],
            [-64.1342223127042, -31.4602558331333],
            [-64.1331228857028, -31.4602873190595],
            [-64.1309262017077, -31.4603113625384],
            [-64.1299634673173, -31.4603218877373],
            [-64.1299474224155, -31.4615810353975],
            [-64.1291057932381, -31.4615833739108],
            [-64.1291099012163, -31.460322747852],
            [-64.1286513699002, -31.460329847227],
            [-64.1260224245212, -31.4603703791285]
          ]
        ],
        "crs": null
      },
      "id": 72,
      "type": "Feature",
      "properties": {
        "fid": 72,
        "zona": 3,
        "areaprogr": "71",
        "cpc": "EMPALME",
        "id": "AP71",
        "SHAPE__Length": 10146.0971882205,
        "objectid": 17,
        "denomina": "COOP EL ARCO",
        "SHAPE__Area": 2878821.79508897
      }
    },
    {
      "geometry": {
        "type": "Polygon",
        "coordinates": [
          [
            [-64.1341876672726, -31.4697484023183],
            [-64.1341806119842, -31.4672002536064],
            [-64.1342094207646, -31.462180056976],
            [-64.1342223127042, -31.4602558331333],
            [-64.1353342682214, -31.4602473104757],
            [-64.1411201571531, -31.4602028045575],
            [-64.1441338455857, -31.4601842292654],
            [-64.1515653246232, -31.4599752589318],
            [-64.1512169272426, -31.4609566859303],
            [-64.1506331533593, -31.4623392696603],
            [-64.1497642394927, -31.4641009382034],
            [-64.1494602769259, -31.4649034212672],
            [-64.1486538652776, -31.4672676320106],
            [-64.1483443649402, -31.4695623870311],
            [-64.1495189781688, -31.4695895124455],
            [-64.1495582583427, -31.4729544767782],
            [-64.149559591553, -31.4730544198438],
            [-64.1492655312732, -31.4730644114826],
            [-64.1492692575734, -31.4734640376595],
            [-64.1491824274453, -31.4754600469388],
            [-64.1478285229907, -31.4754757400149],
            [-64.1341573819447, -31.4755791368658],
            [-64.1341876672726, -31.4697484023183]
          ]
        ],
        "crs": null
      },
      "id": 73,
      "type": "Feature",
      "properties": {
        "fid": 73,
        "zona": 3,
        "areaprogr": "68",
        "cpc": "EMPALME",
        "id": "AP68",
        "SHAPE__Length": 7840.28816765955,
        "objectid": 45,
        "denomina": "CARCANO",
        "SHAPE__Area": 3430644.00876117
      }
    },
    {
      "geometry": {
        "type": "Polygon",
        "coordinates": [
          [
            [-64.1080829041683, -31.4600039373758],
            [-64.1081009710141, -31.4599467364392],
            [-64.1080142496177, -31.4553390478839],
            [-64.1079607523726, -31.4541039139969],
            [-64.1079353108209, -31.4516256225731],
            [-64.1079596659068, -31.4511480222057],
            [-64.1054162289339, -31.4511464395021],
            [-64.1054083315291, -31.4496955438991],
            [-64.1053993354443, -31.4480426972093],
            [-64.1121252547568, -31.4474714047885],
            [-64.1136658467118, -31.4461406619398],
            [-64.1137162331928, -31.4510603746879],
            [-64.1176902590823, -31.4510512289171],
            [-64.1159719134474, -31.4527089098599],
            [-64.1138622339403, -31.4547618779113],
            [-64.1117736379764, -31.4568009203175],
            [-64.1116965977163, -31.4568753696763],
            [-64.1104271290434, -31.4580803673827],
            [-64.109734539248, -31.4587367101237],
            [-64.1092009323181, -31.4592461302723],
            [-64.1081839551182, -31.4602086606727],
            [-64.1080325905221, -31.4600989438541],
            [-64.1080684013884, -31.4600498545646],
            [-64.1080829041683, -31.4600039373758]
          ]
        ],
        "crs": null
      },
      "id": 74,
      "type": "Feature",
      "properties": {
        "fid": 74,
        "zona": 3,
        "areaprogr": "81",
        "cpc": "EMPALME",
        "id": "AP81",
        "SHAPE__Length": 5557.300378764,
        "objectid": 46,
        "denomina": "SAN LORENZO",
        "SHAPE__Area": 1079554.57856549
      }
    },
    {
      "geometry": {
        "type": "Polygon",
        "coordinates": [
          [
            [-64.0557401678439, -31.5096316966698],
            [-64.0564118308726, -31.4512111528996],
            [-64.0739849271154, -31.4510633308812],
            [-64.0739562413281, -31.4516208977835],
            [-64.0739201218846, -31.4523229335641],
            [-64.0739063030944, -31.4548707146813],
            [-64.0739450451196, -31.4593183769699],
            [-64.0782927637423, -31.4586602443533],
            [-64.0829700583567, -31.4586194017859],
            [-64.0862357759545, -31.4585857088267],
            [-64.0872050485572, -31.4584481369534],
            [-64.0872203802802, -31.4629616253652],
            [-64.0874942296392, -31.4631495131523],
            [-64.0874544399206, -31.4674261357326],
            [-64.0876253921633, -31.467507878544],
            [-64.0876113692564, -31.4689650244323],
            [-64.08760211047, -31.4707032028052],
            [-64.0826539818596, -31.4706978242084],
            [-64.0827097986374, -31.4766245789398],
            [-64.0827437722188, -31.4794916602398],
            [-64.0827627384812, -31.481356914337],
            [-64.082785067704, -31.4842645972688],
            [-64.0557401678439, -31.5096316966698]
          ]
        ],
        "crs": null
      },
      "id": 75,
      "type": "Feature",
      "properties": {
        "fid": 75,
        "zona": 3,
        "areaprogr": "90",
        "cpc": "EMPALME",
        "id": "AP90",
        "SHAPE__Length": 20567.6039186359,
        "objectid": 47,
        "denomina": "ITUZAINGO ANEXO",
        "SHAPE__Area": 17530493.5308501
      }
    },
    {
      "geometry": {
        "type": "Polygon",
        "coordinates": [
          [
            [-64.1135595735901, -31.4330471626608],
            [-64.1112766140876, -31.430724910148],
            [-64.11379298463, -31.4307349292015],
            [-64.1156348548962, -31.4307702342414],
            [-64.1192583349186, -31.4308070806118],
            [-64.1192786549212, -31.4297119774334],
            [-64.1192876974453, -31.4285849290451],
            [-64.1233084734617, -31.4286093231633],
            [-64.1233213907345, -31.429692622412],
            [-64.1271320482902, -31.4297268695047],
            [-64.1271527064892, -31.4314533745698],
            [-64.1313345974762, -31.4344466798649],
            [-64.1314754288808, -31.4346655036262],
            [-64.1329861931581, -31.4358214709062],
            [-64.1322849817759, -31.4365491232121],
            [-64.1305829359998, -31.4384010173933],
            [-64.1290277654442, -31.439889188076],
            [-64.1259172670992, -31.4428822158274],
            [-64.1249414572846, -31.4438222659537],
            [-64.1220418827758, -31.4410852246214],
            [-64.1195687406247, -31.4385030362891],
            [-64.1158270502329, -31.435097352341],
            [-64.1135595735901, -31.4330471626608]
          ]
        ],
        "crs": null
      },
      "id": 76,
      "type": "Feature",
      "properties": {
        "fid": 76,
        "zona": 2,
        "areaprogr": "56",
        "cpc": "EMPALME",
        "id": "AP56",
        "SHAPE__Length": 6947.63546332413,
        "objectid": 48,
        "denomina": "EMPALME",
        "SHAPE__Area": 2306512.40103672
      }
    },
    {
      "geometry": {
        "type": "Polygon",
        "coordinates": [
          [
            [-64.1249049181798, -31.4057572490371],
            [-64.1261851472709, -31.4067328377007],
            [-64.1276832796523, -31.407263442606],
            [-64.1286393675807, -31.4076868504851],
            [-64.1294247786119, -31.4078718537994],
            [-64.1305033466615, -31.4076224431487],
            [-64.1314079577085, -31.4068627706787],
            [-64.1320509457581, -31.4060574222057],
            [-64.134536895905, -31.4049958703789],
            [-64.1359148892757, -31.4048397253974],
            [-64.1386549221653, -31.404751441063],
            [-64.1394391667769, -31.4048404323561],
            [-64.1402824430808, -31.405184788546],
            [-64.1412234014575, -31.4058961173216],
            [-64.1417864338987, -31.4061949784951],
            [-64.1424246318593, -31.406541146848],
            [-64.1435376951776, -31.4076027787204],
            [-64.1434731987555, -31.4084350104462],
            [-64.1430503605403, -31.4089345765013],
            [-64.1425506081925, -31.4092429074858],
            [-64.1420854330541, -31.4093270196623],
            [-64.1417667402301, -31.409565172262],
            [-64.1408610028042, -31.4098497135583],
            [-64.1404367891788, -31.4102373303702],
            [-64.1405602741486, -31.4111958347857],
            [-64.1413179301574, -31.4121646869265],
            [-64.1414614287108, -31.4132349656891],
            [-64.1419054107006, -31.4144784943539],
            [-64.1424882685396, -31.4164084989456],
            [-64.1429670528733, -31.417443798837],
            [-64.1431958653337, -31.4178575854793],
            [-64.1435863064605, -31.4184535860158],
            [-64.1443262987392, -31.4190059527752],
            [-64.1454590912791, -31.4193152451853],
            [-64.1448435949912, -31.4194305437327],
            [-64.1342161299116, -31.420353525272],
            [-64.1299943404976, -31.4204597777176],
            [-64.1278143583711, -31.4205306918891],
            [-64.1277798353137, -31.4210050042844],
            [-64.1266842972414, -31.4209974047072],
            [-64.126649927193, -31.4206443548649],
            [-64.1237161667665, -31.4207132065409],
            [-64.1232759618223, -31.4207153732456],
            [-64.1233177943393, -31.4150522169299],
            [-64.1232987526182, -31.4108040475313],
            [-64.1232760500582, -31.4082113599078],
            [-64.1237479587437, -31.4074448290621],
            [-64.1249049181798, -31.4057572490371]
          ]
        ],
        "crs": null
      },
      "id": 77,
      "type": "Feature",
      "properties": {
        "fid": 77,
        "zona": 2,
        "areaprogr": "58",
        "cpc": "EMPALME",
        "id": "AP58",
        "SHAPE__Length": 8915.5480406671,
        "objectid": 50,
        "denomina": "MALDONADO",
        "SHAPE__Area": 3934124.82449815
      }
    },
    {
      "geometry": {
        "type": "Polygon",
        "coordinates": [
          [
            [-64.1249049181798, -31.4057572490371],
            [-64.1252329073139, -31.4048179858182],
            [-64.1259072074185, -31.4028869295649],
            [-64.1265768697157, -31.4010995242051],
            [-64.1270844574378, -31.3994787618926],
            [-64.1277598776782, -31.3976793097391],
            [-64.1287494181841, -31.3976692761418],
            [-64.1301755785353, -31.397643860248],
            [-64.1311859489277, -31.3975905314119],
            [-64.1330344043757, -31.3976311391017],
            [-64.1352855637872, -31.3978866980725],
            [-64.1383907853337, -31.398392188786],
            [-64.1389346916343, -31.3984565032279],
            [-64.14021801719, -31.3985938303542],
            [-64.1426329614105, -31.3988331516811],
            [-64.1438187006417, -31.3990297234188],
            [-64.1451325380444, -31.3993984701939],
            [-64.146608711063, -31.3999562298263],
            [-64.1478861659068, -31.400592050369],
            [-64.148960631335, -31.4011764131075],
            [-64.1499688773661, -31.4015693484081],
            [-64.1524217237158, -31.402423353351],
            [-64.153949713152, -31.4035562120661],
            [-64.1536012286368, -31.4044916888969],
            [-64.1530912151308, -31.4058154088034],
            [-64.1572540935635, -31.4068702430735],
            [-64.157539113076, -31.4067611834471],
            [-64.165187422286, -31.4089070792336],
            [-64.1629062810676, -31.4150800062169],
            [-64.1632812453084, -31.4167070463447],
            [-64.1623845634058, -31.4172282158708],
            [-64.1578459265971, -31.4199736791539],
            [-64.1569110059987, -31.4181560250698],
            [-64.156880054859, -31.4176997805803],
            [-64.1563589850907, -31.416552302029],
            [-64.1560265485898, -31.4163161695796],
            [-64.1545905892021, -31.4170465106967],
            [-64.1539110202696, -31.4174439378804],
            [-64.1534342201085, -31.4178395375507],
            [-64.1510851926894, -31.4185345763468],
            [-64.1499496134642, -31.4189578173275],
            [-64.1487860278782, -31.4191639068595],
            [-64.1474212454869, -31.4195022240149],
            [-64.1461536137609, -31.419491828725],
            [-64.1443225327528, -31.4190081886487],
            [-64.143632090037, -31.4185143488115],
            [-64.1431161831184, -31.4177798144515],
            [-64.1424392469788, -31.4163075776273],
            [-64.1418845855684, -31.4144646791339],
            [-64.1414384355903, -31.4132077722413],
            [-64.1413238939065, -31.4121218261599],
            [-64.1405773046044, -31.4111719409716],
            [-64.1404640908208, -31.410194678368],
            [-64.1408835887208, -31.4098440366535],
            [-64.14156320002, -31.4096362514951],
            [-64.141820811094, -31.4095431767192],
            [-64.1421005960984, -31.4093389500213],
            [-64.1425463568538, -31.4092441971117],
            [-64.1429088217925, -31.4090694922494],
            [-64.1433039959569, -31.408682673859],
            [-64.1435116283736, -31.4083479610577],
            [-64.1435379774111, -31.4076113976179],
            [-64.1430380958118, -31.4071216084848],
            [-64.1424080151048, -31.4065623714316],
            [-64.1420050278998, -31.4063037090381],
            [-64.1412119179223, -31.4058770450181],
            [-64.1401679727665, -31.4051298333937],
            [-64.1394356264464, -31.4048640041041],
            [-64.1386583169151, -31.4047700443694],
            [-64.1359072101175, -31.404834800955],
            [-64.1345683873025, -31.4049878720355],
            [-64.1320989855641, -31.4059881157327],
            [-64.1315083479523, -31.4067498338296],
            [-64.130507575675, -31.4076362082585],
            [-64.1294403757713, -31.4078876975802],
            [-64.1286028047137, -31.4076731680096],
            [-64.127739547894, -31.4072772973742],
            [-64.1262239825823, -31.4067634993983],
            [-64.1245517523842, -31.4055000218057],
            [-64.1249049181798, -31.4057572490371]
          ]
        ],
        "crs": null
      },
      "id": 78,
      "type": "Feature",
      "properties": {
        "fid": 78,
        "zona": 2,
        "areaprogr": "32",
        "cpc": "PUEYRREDON",
        "id": "AP32",
        "SHAPE__Length": 13961.5944113659,
        "objectid": 51,
        "denomina": "YAPEYU",
        "SHAPE__Area": 6463618.73573855
      }
    },
    {
      "geometry": {
        "type": "Polygon",
        "coordinates": [
          [
            [-64.2825124344806, -31.3195534985881],
            [-64.2811927749333, -31.3189587966449],
            [-64.2799078603644, -31.3183797316441],
            [-64.2774848439056, -31.3172877101834],
            [-64.2758203080408, -31.316537483493],
            [-64.2747448420959, -31.3160527400469],
            [-64.2747602284979, -31.3160329087875],
            [-64.2751966507042, -31.3154086839717],
            [-64.2756207217295, -31.3147926444537],
            [-64.2759965054906, -31.3142467432144],
            [-64.2760526311583, -31.3141712581691],
            [-64.2763447594949, -31.3137783639746],
            [-64.2769081723555, -31.3130117343775],
            [-64.2776770288307, -31.3119441833874],
            [-64.2779965585878, -31.3114982242662],
            [-64.278571640336, -31.3106429159882],
            [-64.2792086182575, -31.3098368020418],
            [-64.2794608846658, -31.3094480270915],
            [-64.2794706861912, -31.3094329214307],
            [-64.2797589441355, -31.3090592217955],
            [-64.280341179729, -31.3082957437784],
            [-64.2803480097722, -31.3082867873927],
            [-64.2803482685693, -31.3082863519414],
            [-64.2805123592407, -31.3080102088065],
            [-64.2845668369116, -31.3079698334597],
            [-64.2881663292098, -31.308025352865],
            [-64.2884939782859, -31.3197687447099],
            [-64.2873153210217, -31.3197869301895],
            [-64.2863611382967, -31.3198124220954],
            [-64.2846279969345, -31.3198607475053],
            [-64.2833764889545, -31.3198958395124],
            [-64.2825124344806, -31.3195534985881]
          ]
        ],
        "crs": null
      },
      "id": 83,
      "type": "Feature",
      "properties": {
        "fid": 83,
        "zona": 6,
        "areaprogr": "82",
        "cpc": "ARGUELLO",
        "id": "AP82",
        "SHAPE__Length": 5265.77291083768,
        "objectid": 36,
        "denomina": "VILLA ALLENDE PQUE",
        "SHAPE__Area": 1766629.39902583
      }
    },
    {
      "geometry": {
        "type": "Polygon",
        "coordinates": [
          [
            [-64.2635205854593, -31.3198028313365],
            [-64.2645592164669, -31.3181666162722],
            [-64.2653838287467, -31.316945029969],
            [-64.2648905876031, -31.3167033127407],
            [-64.2665302806329, -31.3142583363868],
            [-64.2673511436388, -31.3146273543083],
            [-64.2681673170263, -31.3134562138206],
            [-64.2701282285407, -31.3106326722755],
            [-64.2712871986698, -31.3085093534178],
            [-64.2715573833293, -31.3080143399785],
            [-64.2780590840413, -31.3079872928349],
            [-64.2805123592407, -31.3080102088065],
            [-64.2803614030404, -31.3082689503279],
            [-64.2803482685693, -31.3082863519414],
            [-64.280341179729, -31.3082957437784],
            [-64.2797460021135, -31.3090842697154],
            [-64.2794652384574, -31.3094415817285],
            [-64.2794608846658, -31.3094480270915],
            [-64.2791831355116, -31.3098591945573],
            [-64.2785628794131, -31.3106529637668],
            [-64.2779874940671, -31.3115089017894],
            [-64.2768790993538, -31.3130482430793],
            [-64.2760908000375, -31.3141163443018],
            [-64.2760526311583, -31.3141712581691],
            [-64.2756207217295, -31.3147926444537],
            [-64.2747448420959, -31.3160527400469],
            [-64.274724837718, -31.3160815189625],
            [-64.2746194966637, -31.316214293734],
            [-64.2745622451198, -31.3162864553414],
            [-64.2743591492883, -31.3165546671429],
            [-64.2743018057228, -31.3166370290658],
            [-64.2741586720732, -31.3168426104824],
            [-64.2738989202467, -31.317215684058],
            [-64.2736794878727, -31.3175308475326],
            [-64.2735054974469, -31.3177807419925],
            [-64.2732430125824, -31.3181572538516],
            [-64.2729153533222, -31.318626944762],
            [-64.2726265594755, -31.3190409701904],
            [-64.2724513374559, -31.3192921740805],
            [-64.2723590203498, -31.3194245203537],
            [-64.2722095961247, -31.3196387382524],
            [-64.2720826048727, -31.3198209763146],
            [-64.2720362603415, -31.3198874158554],
            [-64.2717865098097, -31.3202452735708],
            [-64.2714496417942, -31.3207281987122],
            [-64.2711791676954, -31.3211161268025],
            [-64.2709795207819, -31.3214021497501],
            [-64.2709224367236, -31.3214841613374],
            [-64.2698418923079, -31.3230627573796],
            [-64.2692655217116, -31.3227687354507],
            [-64.2679606150806, -31.3220976768191],
            [-64.2661543628167, -31.321161054818],
            [-64.2645831039248, -31.3203498322453],
            [-64.2635205854593, -31.3198028313365]
          ]
        ],
        "crs": null
      },
      "id": 84,
      "type": "Feature",
      "properties": {
        "fid": 84,
        "zona": 6,
        "areaprogr": "62",
        "cpc": "ARGUELLO",
        "id": "AP62",
        "SHAPE__Length": 6054.26745525276,
        "objectid": 106,
        "denomina": "VILLA CORNU",
        "SHAPE__Area": 1701184.45519905
      }
    },
    {
      "geometry": {
        "type": "Polygon",
        "coordinates": [
          [
            [-64.1880235196481, -31.3674924727806],
            [-64.1954793709041, -31.3656094560702],
            [-64.1954256894605, -31.3659582192867],
            [-64.1966076223091, -31.3720178936326],
            [-64.1964021175019, -31.37254108363],
            [-64.1962126011342, -31.3730727753153],
            [-64.1962156095161, -31.3731598953939],
            [-64.1956495925632, -31.3733033978653],
            [-64.1949849492545, -31.3734667442224],
            [-64.1922392475368, -31.3741738513028],
            [-64.1905821659562, -31.3745486904927],
            [-64.189397632499, -31.3747453940312],
            [-64.1885721253096, -31.3709503736869],
            [-64.1880609680481, -31.3684015920372],
            [-64.1880235196481, -31.3674924727806]
          ]
        ],
        "crs": null
      },
      "id": 85,
      "type": "Feature",
      "properties": {
        "fid": 85,
        "zona": 6,
        "areaprogr": "60",
        "cpc": "MONSEÑOR P. CABRERA",
        "id": "AP60",
        "SHAPE__Length": 3614.21450274619,
        "objectid": 2,
        "denomina": "MARQUEZ ANEXO",
        "SHAPE__Area": 828504.015500992
      }
    },
    {
      "geometry": {
        "type": "Polygon",
        "coordinates": [
          [
            [-64.1331660226096, -31.3421163177028],
            [-64.1342515718714, -31.3420160137954],
            [-64.138746804458, -31.3462267833583],
            [-64.1387581159558, -31.34786048074],
            [-64.141694357055, -31.3478950173834],
            [-64.1416998683401, -31.3529565750096],
            [-64.1429934010294, -31.3533769771246],
            [-64.143217172226, -31.3606434819404],
            [-64.1432781277231, -31.3625130268899],
            [-64.1432705545504, -31.3628755434929],
            [-64.1430770790046, -31.3634807455922],
            [-64.1431541864898, -31.366785056044],
            [-64.1429315684113, -31.3673402306375],
            [-64.1429869407894, -31.36897186755],
            [-64.1429959592295, -31.3709430364339],
            [-64.1430137000674, -31.372205456386],
            [-64.1330485472814, -31.3722757308966],
            [-64.1330335139369, -31.3656157965998],
            [-64.1326223838787, -31.3512693392726],
            [-64.1323786095503, -31.3421890679472],
            [-64.1331660226096, -31.3421163177028]
          ]
        ],
        "crs": null
      },
      "id": 86,
      "type": "Feature",
      "properties": {
        "fid": 86,
        "zona": 1,
        "areaprogr": "85",
        "cpc": "RANCAGUA",
        "id": "AP85",
        "SHAPE__Length": 9800.69748459297,
        "objectid": 54,
        "denomina": "PATRICIOS ESTE",
        "SHAPE__Area": 3909600.5644515
      }
    },
    {
      "geometry": {
        "type": "Polygon",
        "coordinates": [
          [
            [-64.11802883673, -31.3369057388844],
            [-64.1322181484912, -31.3362105626922],
            [-64.13285028211, -31.3361795563153],
            [-64.1342515718714, -31.3420160137954],
            [-64.1323786095503, -31.3421890679472],
            [-64.1326223838787, -31.3512693392726],
            [-64.1330335139369, -31.3656157965998],
            [-64.1330485472814, -31.3722757308966],
            [-64.1430137000674, -31.372205456386],
            [-64.1430184260139, -31.3734484125289],
            [-64.1429985131964, -31.3793022028038],
            [-64.1426866384615, -31.3792452055471],
            [-64.1415862122282, -31.3790582792271],
            [-64.140379652013, -31.3788519754],
            [-64.1391127020447, -31.378635333161],
            [-64.1373921448185, -31.3783073207101],
            [-64.1357716059783, -31.3780220836959],
            [-64.1331433668569, -31.3775111226388],
            [-64.1279529229576, -31.3765180321512],
            [-64.1243385860912, -31.3758263617882],
            [-64.1231547508435, -31.3688975770289],
            [-64.1213364444183, -31.3566117617292],
            [-64.119781808057, -31.3467748711841],
            [-64.1188755899431, -31.3405702717943],
            [-64.1185383233752, -31.3382523200438],
            [-64.11802883673, -31.3369057388844]
          ]
        ],
        "crs": null
      },
      "id": 87,
      "type": "Feature",
      "properties": {
        "fid": 87,
        "zona": 1,
        "areaprogr": "18",
        "cpc": "RANCAGUA",
        "id": "AP18",
        "SHAPE__Length": 15847.7877128166,
        "objectid": 54,
        "denomina": "SAN JORGE",
        "SHAPE__Area": 7653638.54323063
      }
    },
    {
      "geometry": {
        "type": "Polygon",
        "coordinates": [
          [
            [-64.16062172702, -31.3601241442851],
            [-64.161352683065, -31.3599884768581],
            [-64.1623693065436, -31.3598155375048],
            [-64.1654902439172, -31.3592781308524],
            [-64.1698700024422, -31.3585339241364],
            [-64.1722752983647, -31.358144556851],
            [-64.1760850260687, -31.3574405099202],
            [-64.1761388260276, -31.3574313582898],
            [-64.1761418528049, -31.3575494631299],
            [-64.1761284984799, -31.3748311570913],
            [-64.1677894062217, -31.3769115756883],
            [-64.1665489431674, -31.3733163806231],
            [-64.1662172051699, -31.3723501334649],
            [-64.1661101367791, -31.3718983105803],
            [-64.1658679405763, -31.3707592712094],
            [-64.164544218957, -31.3702260327582],
            [-64.1639370757865, -31.3700216182797],
            [-64.1629879866668, -31.369654016364],
            [-64.1618479481431, -31.3692083852013],
            [-64.1608682229305, -31.368729414272],
            [-64.1600794354631, -31.3683437810407],
            [-64.1579130399548, -31.3662708573275],
            [-64.1585869355533, -31.3657665498461],
            [-64.1593469988243, -31.3655592481795],
            [-64.160074005961, -31.3662194773611],
            [-64.1613315723437, -31.3673511766346],
            [-64.1617870763379, -31.3669900788705],
            [-64.1638219104012, -31.3653231080617],
            [-64.1652209880835, -31.364133038673],
            [-64.1642953806441, -31.3633088068036],
            [-64.1626334310581, -31.3618360047576],
            [-64.1616465990055, -31.3609962714026],
            [-64.160878571438, -31.3603427107189],
            [-64.16062172702, -31.3601241442851]
          ]
        ],
        "crs": null
      },
      "id": 88,
      "type": "Feature",
      "properties": {
        "fid": 88,
        "zona": 1,
        "areaprogr": "17",
        "cpc": "CENTRO AMERICA",
        "id": "AP17",
        "SHAPE__Length": 8754.26067456655,
        "objectid": 4,
        "denomina": "VILLA AZALAIS O",
        "SHAPE__Area": 3133086.2940631
      }
    },
    {
      "geometry": {
        "type": "Polygon",
        "coordinates": [
          [
            [-64.1532900997459, -31.360977645928],
            [-64.1594724691319, -31.3593390552252],
            [-64.1604352706472, -31.3599967726175],
            [-64.16062172702, -31.3601241442851],
            [-64.1616465990055, -31.3609962714026],
            [-64.1627011083863, -31.3618935933467],
            [-64.1642953806441, -31.3633088068036],
            [-64.1652209880835, -31.364133038673],
            [-64.1638219104012, -31.3653231080617],
            [-64.1622643040637, -31.3666026405921],
            [-64.1613315723437, -31.3673511766346],
            [-64.160074005961, -31.3662194773611],
            [-64.1593469988243, -31.3655592481795],
            [-64.1585869355533, -31.3657665498461],
            [-64.1579130399548, -31.3662708573275],
            [-64.1600794354631, -31.3683437810407],
            [-64.1618479481431, -31.3692083852013],
            [-64.1639370757865, -31.3700216182797],
            [-64.164544218957, -31.3702260327582],
            [-64.1658679405763, -31.3707592712094],
            [-64.1661101367791, -31.3718983105803],
            [-64.1662172051699, -31.3723501334649],
            [-64.1662327054704, -31.372396936924],
            [-64.1661852832269, -31.3724069256517],
            [-64.1648717322126, -31.3727107350898],
            [-64.1631934268727, -31.3731199677424],
            [-64.1610164124244, -31.3736792431433],
            [-64.1609709319367, -31.3714523852092],
            [-64.1554460290866, -31.3714628141118],
            [-64.1548967758548, -31.369960628349],
            [-64.1542433341845, -31.3701414852956],
            [-64.1514537900866, -31.370928440754],
            [-64.147775458231, -31.371885655036],
            [-64.147783470125, -31.3734173606326],
            [-64.1430184260139, -31.3734484125289],
            [-64.1430137000674, -31.372205456386],
            [-64.1429869407894, -31.36897186755],
            [-64.1429315684113, -31.3673402306375],
            [-64.1431541864898, -31.366785056044],
            [-64.1430770790046, -31.3634807455922],
            [-64.1432705545504, -31.3628755434929],
            [-64.1438175693194, -31.362809894698],
            [-64.1476980643454, -31.3622377979205],
            [-64.1532900997459, -31.360977645928]
          ]
        ],
        "crs": null
      },
      "id": 89,
      "type": "Feature",
      "properties": {
        "fid": 89,
        "zona": 1,
        "areaprogr": "01",
        "cpc": "RANCAGUA, C AMERICA",
        "id": "APa1",
        "SHAPE__Length": 9832.72253938879,
        "objectid": 58,
        "denomina": "GENERAL MOSCONI",
        "SHAPE__Area": 3130365.62985052
      }
    },
    {
      "geometry": {
        "type": "Polygon",
        "coordinates": [
          [
            [-64.1917384523589, -31.3865027063636],
            [-64.1916032668014, -31.3857160033193],
            [-64.1902390012727, -31.3793885895489],
            [-64.1894152161079, -31.3747395314586],
            [-64.1912168610106, -31.3744048157914],
            [-64.1989656968928, -31.3724739323602],
            [-64.1990795594331, -31.3814382397859],
            [-64.1991137603656, -31.3824583673115],
            [-64.2001232192722, -31.381665365748],
            [-64.2011326622195, -31.3808723565595],
            [-64.2045294326235, -31.3824076098055],
            [-64.2050213934525, -31.3826763217501],
            [-64.2070948134023, -31.3821815653137],
            [-64.2075732109276, -31.3829074279519],
            [-64.2076005113905, -31.3833809495306],
            [-64.2073926590295, -31.3851927663653],
            [-64.2048766438451, -31.3866218422684],
            [-64.2044657949076, -31.3868637996242],
            [-64.2043208297411, -31.3869948540897],
            [-64.2042079207509, -31.3871961834129],
            [-64.2039349770645, -31.3876828636222],
            [-64.2033910545114, -31.3887119315652],
            [-64.2029407335988, -31.3895990075171],
            [-64.2038977899344, -31.39121560485],
            [-64.20354462317, -31.3917018452241],
            [-64.2021859115176, -31.3912161224773],
            [-64.2020436520322, -31.3914651624102],
            [-64.199486464011, -31.3902484616691],
            [-64.1996848950381, -31.3899495839775],
            [-64.1976254380009, -31.3889567537156],
            [-64.1974284599222, -31.3892558375121],
            [-64.1923374994629, -31.3868019487551],
            [-64.1917384523589, -31.3865027063636]
          ]
        ],
        "crs": null
      },
      "id": 90,
      "type": "Feature",
      "properties": {
        "fid": 90,
        "zona": 1,
        "areaprogr": "19",
        "cpc": "MONSEÑOR P. CABRERA, CENTRAL",
        "id": "AP19",
        "SHAPE__Length": 8113.2231363039,
        "objectid": 10,
        "denomina": "SARGENTO CABRAL",
        "SHAPE__Area": 2617935.72652616
      }
    },
    {
      "geometry": {
        "type": "Polygon",
        "coordinates": [
          [
            [-64.2248535911265, -31.3081345463294],
            [-64.2342472453002, -31.3081382254393],
            [-64.2342479436399, -31.3107582718538],
            [-64.2342480774519, -31.3112629124806],
            [-64.2342482455118, -31.3118912266575],
            [-64.2342591279747, -31.312628119809],
            [-64.2342718649948, -31.3134906664673],
            [-64.2343178128152, -31.3166017587918],
            [-64.2342604054601, -31.317921354413],
            [-64.2342919763846, -31.3218369383663],
            [-64.2343045089244, -31.3250725366769],
            [-64.2343217421544, -31.3269000812364],
            [-64.2343313964956, -31.3294301354936],
            [-64.2343426790322, -31.3300629214117],
            [-64.2343440181445, -31.3310949648293],
            [-64.2343459601354, -31.3313510418089],
            [-64.2343507140729, -31.3324077755303],
            [-64.2343518225334, -31.3326541515019],
            [-64.2343528728814, -31.3328875418429],
            [-64.2343532386336, -31.3329689237991],
            [-64.2343505417338, -31.3333658858494],
            [-64.2339156642654, -31.3332798091439],
            [-64.233541448143, -31.3331720048027],
            [-64.2330954311555, -31.3330405527556],
            [-64.2329389609152, -31.332993346986],
            [-64.232690059798, -31.3329455931251],
            [-64.2323522546678, -31.3328881637328],
            [-64.2320652130648, -31.3328508066961],
            [-64.2316309720738, -31.3327787429406],
            [-64.2313361079534, -31.3327126525381],
            [-64.2311084270103, -31.3326399803585],
            [-64.2305175549505, -31.3324388038414],
            [-64.2299907435255, -31.3322663540301],
            [-64.2296333603759, -31.3321614619359],
            [-64.2292615580099, -31.3321594385468],
            [-64.2290501448461, -31.3321710171095],
            [-64.2288366253292, -31.3321611053041],
            [-64.2285856257065, -31.3321343524328],
            [-64.228309282326, -31.3320951620418],
            [-64.2279914383353, -31.3320191392301],
            [-64.2277069791414, -31.3319316921796],
            [-64.2275564173526, -31.3318974031293],
            [-64.227346755559, -31.3318580399989],
            [-64.2267661557859, -31.3317676886594],
            [-64.2261464844476, -31.3316250597213],
            [-64.2257600764457, -31.3315591788745],
            [-64.2255855333062, -31.3315251165164],
            [-64.225350582208, -31.3314822291878],
            [-64.2254321917978, -31.3305828371702],
            [-64.2256736075326, -31.3298807856639],
            [-64.2263084264306, -31.3280754127617],
            [-64.2264362876219, -31.3272791411687],
            [-64.2262333700678, -31.3263576746395],
            [-64.2259380082402, -31.3251725821044],
            [-64.2255551215538, -31.3226693094979],
            [-64.2256148727359, -31.3202878486809],
            [-64.2249510230935, -31.3192739274449],
            [-64.2247776142308, -31.3177786656121],
            [-64.2247876969895, -31.315853586746],
            [-64.2248535911265, -31.3081345463294]
          ]
        ],
        "crs": null
      },
      "id": 91,
      "type": "Feature",
      "properties": {
        "fid": 91,
        "zona": 6,
        "areaprogr": "92",
        "cpc": "ARGUELLO, MP CABRERA",
        "id": "AP92",
        "SHAPE__Length": 8456.98708452987,
        "objectid": 56,
        "denomina": "LOS CORTADEROS",
        "SHAPE__Area": 3150635.36078989
      }
    },
    {
      "geometry": {
        "type": "Polygon",
        "coordinates": [
          [
            [-64.228572127232, -31.424184445673],
            [-64.2338679497276, -31.4232322581361],
            [-64.2376808842877, -31.4223856451325],
            [-64.2390948984258, -31.4209395715481],
            [-64.2391395818619, -31.4209028282642],
            [-64.2392362449585, -31.4208346404404],
            [-64.2395002235681, -31.420648428279],
            [-64.239781118382, -31.4216926799078],
            [-64.2401218791459, -31.4229436925088],
            [-64.2406198773018, -31.4248056647893],
            [-64.2409993978879, -31.4263233447701],
            [-64.2426165861735, -31.432406854635],
            [-64.2427900287937, -31.4324164015172],
            [-64.2428016123161, -31.4369049094399],
            [-64.2401708547771, -31.4369079965282],
            [-64.2334302585578, -31.4368811631414],
            [-64.2296347730046, -31.4369155171199],
            [-64.2313585145824, -31.4331532901708],
            [-64.2316849841533, -31.4315934279296],
            [-64.2305127974306, -31.4315046399331],
            [-64.2295929028996, -31.4280825065148],
            [-64.228572127232, -31.424184445673]
          ]
        ],
        "crs": null
      },
      "id": 92,
      "type": "Feature",
      "properties": {
        "fid": 92,
        "zona": 5,
        "areaprogr": "83",
        "cpc": "RUTA 20",
        "id": "AP83",
        "SHAPE__Length": 6833.03216245393,
        "objectid": 33,
        "denomina": "AMEGHINO NORTE",
        "SHAPE__Area": 2406399.08984026
      }
    },
    {
      "geometry": {
        "type": "Polygon",
        "coordinates": [
          [
            [-64.2469524135152, -31.4593880561232],
            [-64.2480409088596, -31.4588921849719],
            [-64.250684016876, -31.4572627289241],
            [-64.2519524640264, -31.4553085055152],
            [-64.2525248880706, -31.4531629338869],
            [-64.2526930861701, -31.4520981938531],
            [-64.2711891332163, -31.4528144138549],
            [-64.2931655878974, -31.4535770905933],
            [-64.2965790362495, -31.4536935839884],
            [-64.309785977317, -31.455170235332],
            [-64.309785973273, -31.4990996644702],
            [-64.3098941125528, -31.505185486376],
            [-64.3084118738172, -31.5045955145694],
            [-64.3039355281081, -31.5015457707765],
            [-64.2956501376407, -31.4961425494619],
            [-64.2844603051694, -31.4858321950582],
            [-64.2773678731696, -31.4800048154405],
            [-64.2748768843736, -31.477919101796],
            [-64.2716860596486, -31.476327732767],
            [-64.2715209567355, -31.4756395011373],
            [-64.2703282977771, -31.4738487721989],
            [-64.2677234999534, -31.4703473414096],
            [-64.2669347773068, -31.4696207679544],
            [-64.262419953974, -31.46790730074],
            [-64.261422499328, -31.4683452232234],
            [-64.2608011559355, -31.4682014261673],
            [-64.2602133179432, -31.4679290392599],
            [-64.2585149928451, -31.4681015223568],
            [-64.2573707965974, -31.4679681124672],
            [-64.2565479879412, -31.4675978722535],
            [-64.255650334971, -31.4664828506843],
            [-64.2554954398435, -31.4646039047616],
            [-64.2556062304199, -31.4631785605291],
            [-64.2545072647501, -31.4615647872963],
            [-64.2537843554964, -31.4608931196555],
            [-64.2525061648568, -31.4604382932916],
            [-64.2507634346341, -31.4611674578937],
            [-64.2495647555349, -31.460834222827],
            [-64.2474097476495, -31.4598426735227],
            [-64.2469524135152, -31.4593880561232]
          ]
        ],
        "crs": null
      },
      "id": 93,
      "type": "Feature",
      "properties": {
        "fid": 93,
        "zona": 5,
        "areaprogr": "87",
        "cpc": "LIBERTADOR , RUTA 20, COLON",
        "id": "AP87",
        "SHAPE__Length": 23939.1913415007,
        "objectid": 38,
        "denomina": "SACHI",
        "SHAPE__Area": 25397079.0349047
      }
    },
    {
      "geometry": {
        "type": "Polygon",
        "coordinates": [
          [
            [-64.2533355994168, -31.4521231188876],
            [-64.2526930861701, -31.4520981938531],
            [-64.2525248880706, -31.4531629338869],
            [-64.2519524640264, -31.4553085055152],
            [-64.250684016876, -31.4572627289241],
            [-64.2480409088596, -31.4588921849719],
            [-64.2469524135152, -31.4593880561232],
            [-64.2464231933789, -31.4588619729289],
            [-64.2458652796613, -31.4579053751661],
            [-64.2443219764517, -31.45702419184],
            [-64.2436152809667, -31.4556067942607],
            [-64.2425442773272, -31.4551053455613],
            [-64.2409787152968, -31.4554877184111],
            [-64.2399428651889, -31.4555936314712],
            [-64.2393016914547, -31.4552925447674],
            [-64.2385085341758, -31.4551889473809],
            [-64.2377733215826, -31.4548938259117],
            [-64.2377200052346, -31.4521410262478],
            [-64.2377092393609, -31.4515851371541],
            [-64.2376484243768, -31.4511540549597],
            [-64.2375579800614, -31.4459014585541],
            [-64.2369831272003, -31.4459010361658],
            [-64.2369828747395, -31.4444088637269],
            [-64.2369997725819, -31.4414088009088],
            [-64.2427640137498, -31.441417516025],
            [-64.2427668923954, -31.4410720311149],
            [-64.2533221670053, -31.441069373937],
            [-64.2533214613598, -31.4492018026983],
            [-64.2533355994168, -31.4521231188876]
          ]
        ],
        "crs": null
      },
      "id": 94,
      "type": "Feature",
      "properties": {
        "fid": 94,
        "zona": 5,
        "areaprogr": "70",
        "cpc": "LIBERTADOR , RUTA 20, COLON",
        "id": "AP70",
        "SHAPE__Length": 7751.33148102362,
        "objectid": 38,
        "denomina": "ESTACION FLORES",
        "SHAPE__Area": 3512130.00523247
      }
    },
    {
      "geometry": {
        "type": "Polygon",
        "coordinates": [
          [
            [-64.3097859749721, -31.4366733111962],
            [-64.309785977317, -31.455170235332],
            [-64.2965790362495, -31.4536935839884],
            [-64.2931655878974, -31.4535770905933],
            [-64.2711891332163, -31.4528144138549],
            [-64.2533355994168, -31.4521231188876],
            [-64.2533214613598, -31.4492018026983],
            [-64.2533221670053, -31.441069373937],
            [-64.2427668923954, -31.4410720311149],
            [-64.2428016123161, -31.4369049094399],
            [-64.2427900313289, -31.4324173907709],
            [-64.2444219753472, -31.4325101158723],
            [-64.2499097490328, -31.4328369540533],
            [-64.2533754797002, -31.4330580412541],
            [-64.2533750753774, -31.4331185488852],
            [-64.2537469687704, -31.4331433988013],
            [-64.2616814098105, -31.4337113830823],
            [-64.264713205196, -31.4339083035449],
            [-64.2744216365264, -31.4344921363477],
            [-64.3097859749721, -31.4366733111962]
          ]
        ],
        "crs": null
      },
      "id": 95,
      "type": "Feature",
      "properties": {
        "fid": 95,
        "zona": 5,
        "areaprogr": "50",
        "cpc": "LIBERTADOR , RUTA 20, COLON",
        "id": "AP50",
        "SHAPE__Length": 19947.0698206658,
        "objectid": 38,
        "denomina": "VILLA ADELA",
        "SHAPE__Area": 16327652.1961546
      }
    },
    {
      "geometry": {
        "type": "Polygon",
        "coordinates": [
          [
            [-64.2480635070861, -31.4327270234022],
            [-64.248087680419, -31.4204895248524],
            [-64.2533515402718, -31.4204577959507],
            [-64.2533762274535, -31.4329961532113],
            [-64.2533753743453, -31.4331185694071],
            [-64.2533750753774, -31.4331185488852],
            [-64.2533754797002, -31.4330580412541],
            [-64.2499097490328, -31.4328369540533],
            [-64.2480635070861, -31.4327270234022]
          ]
        ],
        "crs": null
      },
      "id": 96,
      "type": "Feature",
      "properties": {
        "fid": 96,
        "zona": 5,
        "areaprogr": "93",
        "cpc": "LIBERTADOR , RUTA 20, COLON",
        "id": "AP93",
        "SHAPE__Length": 4434.95928324598,
        "objectid": 38,
        "denomina": "VILLA LA TELA",
        "SHAPE__Area": 953563.743582522
      }
    },
    {
      "geometry": {
        "type": "Polygon",
        "coordinates": [
          [
            [-64.248087680419, -31.4204895248524],
            [-64.2480635070861, -31.4327270234022],
            [-64.2444219753472, -31.4325101158723],
            [-64.2427900313289, -31.4324173907709],
            [-64.2427900287937, -31.4324164015172],
            [-64.2427033048513, -31.4324116281311],
            [-64.2426313233187, -31.4324067116954],
            [-64.2426164965211, -31.4324065164265],
            [-64.2409993978879, -31.4263233447701],
            [-64.2406198773018, -31.4248056647893],
            [-64.2404407187967, -31.4240892019614],
            [-64.2401993222414, -31.4232360395462],
            [-64.239781118382, -31.4216926799078],
            [-64.2394962412816, -31.4206413235977],
            [-64.2397307641363, -31.4205061639302],
            [-64.2438824580963, -31.420536950409],
            [-64.248087680419, -31.4204895248524]
          ]
        ],
        "crs": null
      },
      "id": 97,
      "type": "Feature",
      "properties": {
        "fid": 97,
        "zona": 5,
        "areaprogr": "65",
        "cpc": "LIBERTADOR , RUTA 20, COLON",
        "id": "AP65",
        "SHAPE__Length": 4739.92473941449,
        "objectid": 38,
        "denomina": "SAN ROQUE",
        "SHAPE__Area": 1226350.76044172
      }
    },
    {
      "geometry": {
        "type": "Polygon",
        "coordinates": [
          [
            [-64.2534118652041, -31.4115465300121],
            [-64.2533677716512, -31.4115466167443],
            [-64.2532760689867, -31.4120841827934],
            [-64.2533641692063, -31.4135235478962],
            [-64.2533058395879, -31.4151139476823],
            [-64.2533563114255, -31.4178378459529],
            [-64.2533515402718, -31.4204577959507],
            [-64.248087680419, -31.4204895248524],
            [-64.2438824580963, -31.420536950409],
            [-64.2430191887061, -31.420533465853],
            [-64.2399467835314, -31.4205132767654],
            [-64.2397307641363, -31.4205061639302],
            [-64.2398407669638, -31.4204418073319],
            [-64.2399747998948, -31.4203633916345],
            [-64.2421495808454, -31.4190508058617],
            [-64.2430564452016, -31.4185223776048],
            [-64.2429680837191, -31.41730985565],
            [-64.242954856582, -31.4158224819254],
            [-64.2429036840316, -31.4147424491008],
            [-64.2429179001049, -31.4123900388935],
            [-64.2424742766572, -31.4117616476476],
            [-64.2465669601868, -31.4114374436808],
            [-64.2467376241478, -31.4108729450801],
            [-64.2468043669983, -31.4106521821809],
            [-64.2468968607926, -31.4103113151349],
            [-64.2483218477475, -31.4079923726431],
            [-64.2511930532282, -31.4069868760517],
            [-64.2525811627328, -31.4067808665901],
            [-64.2531613726414, -31.4067128939324],
            [-64.2532814661781, -31.4068489771676],
            [-64.2533918826005, -31.406851238653],
            [-64.2534118652041, -31.4115465300121]
          ]
        ],
        "crs": null
      },
      "id": 98,
      "type": "Feature",
      "properties": {
        "fid": 98,
        "zona": 5,
        "areaprogr": "28",
        "cpc": "COLON, RUTA 20",
        "id": "AP28",
        "SHAPE__Length": 6197.47542658509,
        "objectid": 37,
        "denomina": "LAS VIOLETAS",
        "SHAPE__Area": 1769146.4849071
      }
    },
    {
      "geometry": {
        "type": "Polygon",
        "coordinates": [
          [
            [-64.2533918826005, -31.406851238653],
            [-64.2551737169734, -31.406887725323],
            [-64.2586904227791, -31.406910503235],
            [-64.2651010092563, -31.4069810068006],
            [-64.2687954753445, -31.4069826640798],
            [-64.2694435380752, -31.4069469719653],
            [-64.2694002529359, -31.4115545795572],
            [-64.2693162426706, -31.4204985795818],
            [-64.2533515402718, -31.4204577959507],
            [-64.2533563114255, -31.4178378459529],
            [-64.2533058395879, -31.4151139476823],
            [-64.2533641692063, -31.4135235478962],
            [-64.2532760689867, -31.4120841827934],
            [-64.2533677716512, -31.4115466167443],
            [-64.2534118652041, -31.4115465300121],
            [-64.2533918826005, -31.406851238653]
          ]
        ],
        "crs": null
      },
      "id": 99,
      "type": "Feature",
      "properties": {
        "fid": 99,
        "zona": 5,
        "areaprogr": "63",
        "cpc": "COLON, RUTA 20",
        "id": "AP63",
        "SHAPE__Length": 7112.89529971905,
        "objectid": 37,
        "denomina": "PARQUE REPUBLICA",
        "SHAPE__Area": 3150368.72413712
      }
    },
    {
      "geometry": {
        "type": "Polygon",
        "coordinates": [
          [
            [-64.2527746467791, -31.4013054555158],
            [-64.2562760715025, -31.3996087246716],
            [-64.254372695726, -31.3957820819692],
            [-64.2578410160246, -31.3945199472866],
            [-64.2587707158886, -31.3942979148335],
            [-64.2605925003952, -31.3945436590766],
            [-64.2652643028853, -31.3953105404759],
            [-64.2666735267308, -31.3953451153029],
            [-64.267014965669, -31.3964754889071],
            [-64.2674279520899, -31.3980138903275],
            [-64.2675906704334, -31.3986200125984],
            [-64.267660387609, -31.3990849462223],
            [-64.267719601824, -31.3994275042406],
            [-64.2678923988416, -31.3999676071055],
            [-64.2680990762787, -31.4004001085623],
            [-64.2683429374903, -31.4005732861082],
            [-64.2688862942396, -31.4010885812077],
            [-64.2691581529353, -31.4014126240346],
            [-64.2693468510359, -31.4017175490888],
            [-64.2694475242073, -31.4020423547127],
            [-64.2694646491815, -31.4027275429163],
            [-64.2694583954879, -31.4035213692265],
            [-64.2694527415505, -31.4042392279378],
            [-64.2694667699014, -31.4044740952385],
            [-64.2694435380752, -31.4069469719653],
            [-64.2687954753445, -31.4069826640798],
            [-64.2651010092563, -31.4069810068006],
            [-64.2586904227791, -31.406910503235],
            [-64.2551737169734, -31.406887725323],
            [-64.2532814661781, -31.4068489771676],
            [-64.2531613726414, -31.4067128939324],
            [-64.2532002031183, -31.4067083452328],
            [-64.2547305312474, -31.4057968160888],
            [-64.2549664595359, -31.4056500813512],
            [-64.2527746467791, -31.4013054555158]
          ]
        ],
        "crs": null
      },
      "id": 100,
      "type": "Feature",
      "properties": {
        "fid": 100,
        "zona": 5,
        "areaprogr": "99",
        "cpc": "COLON",
        "id": "AP99",
        "SHAPE__Length": 6678.26921647477,
        "objectid": 32,
        "denomina": "LOS ROBLES",
        "SHAPE__Area": 2431123.89225457
      }
    },
    {
      "geometry": {
        "type": "Polygon",
        "coordinates": [
          [
            [-64.2421627575105, -31.4819517353453],
            [-64.2420299412838, -31.4818229210148],
            [-64.2392496808258, -31.4795180660047],
            [-64.239260312713, -31.4795129427695],
            [-64.2399705249761, -31.478858907286],
            [-64.2409606652688, -31.4779722124547],
            [-64.2419280524493, -31.4771241591878],
            [-64.2429130767202, -31.4762539101593],
            [-64.2433643910045, -31.4758472537133],
            [-64.243069281245, -31.475599999778],
            [-64.2430689923287, -31.4745908369389],
            [-64.2452401796331, -31.4745579335501],
            [-64.2492760493289, -31.4744694057028],
            [-64.251546648946, -31.4744399793008],
            [-64.2515074091916, -31.4726285085443],
            [-64.2571484696725, -31.4678686857544],
            [-64.257361439222, -31.4679646702222],
            [-64.2584611118855, -31.4681044164817],
            [-64.2602152240048, -31.4679272033801],
            [-64.2608117423456, -31.468203612479],
            [-64.2614394283336, -31.4683479809554],
            [-64.2624079608074, -31.4679124005112],
            [-64.2669592391331, -31.4696505592537],
            [-64.2677519601333, -31.4703559585029],
            [-64.2714185772884, -31.4754381799644],
            [-64.2716510373758, -31.4763379165263],
            [-64.2749031938218, -31.4778998795928],
            [-64.279310182078, -31.4815521019424],
            [-64.2736394833094, -31.4814998649454],
            [-64.2669948104656, -31.4815268032911],
            [-64.2575741286161, -31.4815806988733],
            [-64.2529050253194, -31.481576227682],
            [-64.2523652762097, -31.4815741852694],
            [-64.2512332359425, -31.4815674653661],
            [-64.2478422031939, -31.4815753373834],
            [-64.2438177263647, -31.4815811357944],
            [-64.2423107334504, -31.4815732345658],
            [-64.2421627575105, -31.4819517353453]
          ]
        ],
        "crs": null
      },
      "id": 101,
      "type": "Feature",
      "properties": {
        "fid": 101,
        "zona": 4,
        "areaprogr": "100",
        "cpc": "LIBERTADOR",
        "id": "AP100",
        "SHAPE__Length": 10827.742577088,
        "objectid": 39,
        "denomina": "HEROES DE MALVINAS",
        "SHAPE__Area": 4775117.56099254
      }
    },
    {
      "geometry": {
        "type": "Polygon",
        "coordinates": [
          [
            [-64.2528649307409, -31.3186807549269],
            [-64.2529575140049, -31.3205978896567],
            [-64.2534246497206, -31.3206124181164],
            [-64.253399129709, -31.3203645170895],
            [-64.253594922128, -31.3200381009334],
            [-64.2542714742565, -31.3190770673245],
            [-64.2550558816998, -31.3178668265346],
            [-64.2560171078308, -31.3165784962434],
            [-64.2567807623857, -31.3154829789542],
            [-64.2568019944619, -31.3154626317308],
            [-64.2568578850812, -31.3154909697719],
            [-64.2577924628937, -31.3159697673761],
            [-64.2588808304432, -31.316521275834],
            [-64.2597771067794, -31.3169888412961],
            [-64.2612166736477, -31.3177127160074],
            [-64.2629238887551, -31.3185585686429],
            [-64.2624807969158, -31.3192616715708],
            [-64.2628474153995, -31.3194576806016],
            [-64.2635205854593, -31.3198028313365],
            [-64.2645831039248, -31.3203498322453],
            [-64.2653213488508, -31.3207298808381],
            [-64.2670215869068, -31.3216101491223],
            [-64.2679606150806, -31.3220976768191],
            [-64.2692655217116, -31.3227687354507],
            [-64.2698418923079, -31.3230627573796],
            [-64.2697028033774, -31.323281592092],
            [-64.2693503585603, -31.323819968769],
            [-64.2691400750617, -31.3241411836841],
            [-64.2685141671702, -31.3250255388077],
            [-64.2680441879478, -31.3256895688458],
            [-64.2678813264186, -31.3259056325382],
            [-64.2677252570297, -31.3261126847591],
            [-64.2673581823722, -31.3265996664558],
            [-64.2671512393266, -31.3268742061171],
            [-64.2653050851115, -31.32951344723],
            [-64.2646974808048, -31.3293055489225],
            [-64.2637971118089, -31.3296599438792],
            [-64.2630185208109, -31.3299604746937],
            [-64.26220260765, -31.3302539189069],
            [-64.2619860083808, -31.3298454429311],
            [-64.2615850515507, -31.3290892842531],
            [-64.2609609626154, -31.3278946826303],
            [-64.2605510272059, -31.3271139600301],
            [-64.2602241436165, -31.3265718190071],
            [-64.2596308748214, -31.3255627813113],
            [-64.2590219745712, -31.3250977921323],
            [-64.2582257496987, -31.3247636923545],
            [-64.2577609341119, -31.3246703466476],
            [-64.2572318570655, -31.3246412418289],
            [-64.2572338813694, -31.3244259315699],
            [-64.2572361395056, -31.3241856901248],
            [-64.2569001113059, -31.3241837855194],
            [-64.2562485616429, -31.3241800895131],
            [-64.2556998116862, -31.3241769718037],
            [-64.2555884836159, -31.3238771356684],
            [-64.2555036630511, -31.3236486948397],
            [-64.2554431466222, -31.323518085124],
            [-64.2553050450554, -31.3232200228813],
            [-64.2551792170921, -31.3229484494359],
            [-64.2550402898799, -31.3226607928688],
            [-64.2549779676774, -31.3225317507704],
            [-64.2548497624799, -31.3222662937564],
            [-64.2546695145299, -31.3219303849495],
            [-64.2540822534592, -31.3219172809449],
            [-64.2538103028114, -31.3219112114818],
            [-64.2529541937703, -31.3219150641261],
            [-64.252948145332, -31.3206205436527],
            [-64.2528649307409, -31.3186807549269]
          ]
        ],
        "crs": null
      },
      "id": 102,
      "type": "Feature",
      "properties": {
        "fid": 102,
        "zona": 6,
        "areaprogr": "66",
        "cpc": "ARGUELLO",
        "id": "AP66",
        "SHAPE__Length": 6423.47209470429,
        "objectid": 55,
        "denomina": "MERCANTIL ANEXO",
        "SHAPE__Area": 1736987.33215057
      }
    }
  ],
  "type": "FeatureCollection",
  "properties": {
    "exceededTransferLimit": false
  }
}