{
  "type": "FeatureCollection",
  "features": [
    {
      "id": "0",
      "type": "Feature",
      "properties": {
        "ZONA": 1.0,
        "ZONAS": "1",
        "Zonass": "1",
        "AREA": 111.325735613
      },
      "geometry": {
        "type": "MultiPolygon",
        "coordinates": [
          [
            [
              [
                -64.18693417453272,
                -31.403025849964337
              ],
              [
                -64.18717324663744,
                -31.40400529357588
              ],
              [
                -64.18761335295805,
                -31.406372012126404
              ],
              [
                -64.18789364394856,
                -31.4071936358652
              ],
              [
                -64.18820580701062,
                -31.40711665506206
              ],
              [
                -64.18863497920181,
                -31.40689967488555
              ],
              [
                -64.18997856813064,
                -31.406414901711067
              ],
              [
                -64.19387281041448,
                -31.406548020296334
              ],
              [
                -64.193612321688,
                -31.40583165138895
              ],
              [
                -64.19367681059087,
                -31.405629788342385
              ],
              [
                -64.1938739176419,
                -31.405311682629776
              ],
              [
                -64.19491225738483,
                -31.40392192046542
              ],
              [
                -64.19542030394261,
                -31.403011501294365
              ],
              [
                -64.19629119407314,
                -31.40163766563168
              ],
              [
                -64.19701743848215,
                -31.400753956211616
              ],
              [
                -64.19757572233078,
                -31.39984305954087
              ],
              [
                -64.1980154113003,
                -31.398832637865777
              ],
              [
                -64.1986920756533,
                -31.39800688568594
              ],
              [
                -64.19943612471569,
                -31.397209251448942
              ],
              [
                -64.20036485975183,
                -31.396438635732807
              ],
              [
                -64.20092930875282,
                -31.39601644778631
              ],
              [
                -64.20120924328214,
                -31.395625676007715
              ],
              [
                -64.20201130607828,
                -31.39412306378484
              ],
              [
                -64.20319325253497,
                -31.392185605031873
              ],
              [
                -64.20389779059406,
                -31.391215604759395
              ],
              [
                -64.20311306381157,
                -31.38960047817452
              ],
              [
                -64.20435301579138,
                -31.3868919434847
              ],
              [
                -64.20488026595869,
                -31.386595434406797
              ],
              [
                -64.20743244677274,
                -31.385186535048994
              ],
              [
                -64.2076005108343,
                -31.383380949444224
              ],
              [
                -64.20757321134245,
                -31.382907428180456
              ],
              [
                -64.2070966538428,
                -31.382183024781572
              ],
              [
                -64.20502139382258,
                -31.38267632194294
              ],
              [
                -64.2045294325712,
                -31.382407609893804
              ],
              [
                -64.2011326614932,
                -31.38087235679685
              ],
              [
                -64.20012321963716,
                -31.381665365903697
              ],
              [
                -64.19911376077083,
                -31.38245836739542
              ],
              [
                -64.19907955907874,
                -31.38143823965958
              ],
              [
                -64.1989656965452,
                -31.372473932766496
              ],
              [
                -64.19121686107248,
                -31.37440481590709
              ],
              [
                -64.189415215458,
                -31.374739531941948
              ],
              [
                -64.19023900166914,
                -31.37938858959398
              ],
              [
                -64.1916032660567,
                -31.385716002803743
              ],
              [
                -64.19176994351304,
                -31.386685964807686
              ],
              [
                -64.19212276475999,
                -31.388788377076022
              ],
              [
                -64.19184955863433,
                -31.390030032617318
              ],
              [
                -64.19177579645446,
                -31.390262206730654
              ],
              [
                -64.19156697518893,
                -31.390181264600155
              ],
              [
                -64.18953370842029,
                -31.390808245203555
              ],
              [
                -64.18828379141127,
                -31.391224637164374
              ],
              [
                -64.18917216290421,
                -31.393349035554955
              ],
              [
                -64.18955389644044,
                -31.394177221326643
              ],
              [
                -64.18826094741212,
                -31.39519473803781
              ],
              [
                -64.18709633668183,
                -31.39583237386787
              ],
              [
                -64.18587889869468,
                -31.396324709335662
              ],
              [
                -64.18457501786003,
                -31.396701210050907
              ],
              [
                -64.18484424853973,
                -31.397386756785888
              ],
              [
                -64.18661732255929,
                -31.40187116797135
              ],
              [
                -64.18693417453272,
                -31.403025849964337
              ]
            ]
          ],
          [
            [
              [
                -64.22045883873488,
                -31.308119658433988
              ],
              [
                -64.05702419942396,
                -31.307916660960633
              ],
              [
                -64.05672942646973,
                -31.360441835628787
              ],
              [
                -64.12416604319984,
                -31.37579314895963
              ],
              [
                -64.13708540410963,
                -31.378253332286327
              ],
              [
                -64.13713669894408,
                -31.382954262400272
              ],
              [
                -64.13718720692633,
                -31.386477252322265
              ],
              [
                -64.137212046539,
                -31.389857394154834
              ],
              [
                -64.14239424437555,
                -31.39107147819892
              ],
              [
                -64.14779844688978,
                -31.392293610477832
              ],
              [
                -64.15004285482033,
                -31.39290117905635
              ],
              [
                -64.15456825132284,
                -31.394318917399918
              ],
              [
                -64.15829076340631,
                -31.395532634565686
              ],
              [
                -64.1583092931866,
                -31.395532467149977
              ],
              [
                -64.17123626779996,
                -31.399357251422035
              ],
              [
                -64.17242497005098,
                -31.399568930479692
              ],
              [
                -64.17350051723542,
                -31.399622673607137
              ],
              [
                -64.17507440410186,
                -31.399512879368558
              ],
              [
                -64.17594334465802,
                -31.399345950637812
              ],
              [
                -64.1760827565606,
                -31.37484877210812
              ],
              [
                -64.17612849852694,
                -31.374831157135286
              ],
              [
                -64.17612904128724,
                -31.37412609578432
              ],
              [
                -64.17785587166834,
                -31.375544540204505
              ],
              [
                -64.17841800512981,
                -31.375903567539414
              ],
              [
                -64.17896189323113,
                -31.376134221307748
              ],
              [
                -64.17972046840468,
                -31.376227219744433
              ],
              [
                -64.1803364944514,
                -31.37623583344614
              ],
              [
                -64.1822552703,
                -31.375925378434776
              ],
              [
                -64.18528511455042,
                -31.37547752082622
              ],
              [
                -64.18561692597744,
                -31.37538876208897
              ],
              [
                -64.18939754773663,
                -31.374748199159214
              ],
              [
                -64.18925611887369,
                -31.374092539441328
              ],
              [
                -64.18899467944814,
                -31.372895276772486
              ],
              [
                -64.18805982015553,
                -31.36844795837006
              ],
              [
                -64.18802003965779,
                -31.367402884576627
              ],
              [
                -64.18694739516236,
                -31.362048492994475
              ],
              [
                -64.18601182426175,
                -31.357526888962283
              ],
              [
                -64.1859245015534,
                -31.35746485551818
              ],
              [
                -64.18560443765644,
                -31.355699698288596
              ],
              [
                -64.1855960810683,
                -31.355696919118472
              ],
              [
                -64.18559586427706,
                -31.35569523983619
              ],
              [
                -64.19249092106222,
                -31.35385024161437
              ],
              [
                -64.19531634436248,
                -31.353464114841323
              ],
              [
                -64.1996761024253,
                -31.353885716257164
              ],
              [
                -64.20262133236844,
                -31.35416829090953
              ],
              [
                -64.20225666522069,
                -31.352197508897955
              ],
              [
                -64.20447467481102,
                -31.348734821141864
              ],
              [
                -64.20802087790783,
                -31.343186965355677
              ],
              [
                -64.20807746998328,
                -31.336499605693582
              ],
              [
                -64.20808422390175,
                -31.3353178583826
              ],
              [
                -64.20811917696052,
                -31.334632902553356
              ],
              [
                -64.20811144665763,
                -31.334626467197467
              ],
              [
                -64.20824175185267,
                -31.334349517923542
              ],
              [
                -64.20839858812339,
                -31.33425038944736
              ],
              [
                -64.20926288497692,
                -31.332497441216702
              ],
              [
                -64.20948155268208,
                -31.331935318969098
              ],
              [
                -64.21069392101086,
                -31.32882057169486
              ],
              [
                -64.21089472328177,
                -31.32830169694149
              ],
              [
                -64.21110295018174,
                -31.327840194869527
              ],
              [
                -64.21128845403354,
                -31.327172113966697
              ],
              [
                -64.21160317398787,
                -31.326694435661214
              ],
              [
                -64.21529813714893,
                -31.3188044795395
              ],
              [
                -64.22045785434766,
                -31.30812167471582
              ],
              [
                -64.22045825695155,
                -31.3081208482784
              ],
              [
                -64.22045834020938,
                -31.30812067769153
              ],
              [
                -64.22045883873488,
                -31.308119658433988
              ]
            ]
          ]
        ]
      }
    },
    {
      "id": "1",
      "type": "Feature",
      "properties": {
        "ZONA": 2.0,
        "ZONAS": "2",
        "Zonass": "2",
        "AREA": 76.7608664197
      },
      "geometry": {
        "type": "Polygon",
        "coordinates": [
          [
            [
              -64.17595144262494,
              -31.39935273651911
            ],
            [
              -64.17513438113244,
              -31.39950441666268
            ],
            [
              -64.17351793887924,
              -31.399617642862165
            ],
            [
              -64.1724502318083,
              -31.399568361219664
            ],
            [
              -64.17121981529763,
              -31.399342255224308
            ],
            [
              -64.16717034605165,
              -31.39819894575717
            ],
            [
              -64.15831306037371,
              -31.395544291556842
            ],
            [
              -64.15456825132284,
              -31.394318917399918
            ],
            [
              -64.15004285482033,
              -31.39290117905635
            ],
            [
              -64.14819043236025,
              -31.392399725656777
            ],
            [
              -64.14779844688978,
              -31.392293610477832
            ],
            [
              -64.14239424437555,
              -31.39107147819892
            ],
            [
              -64.13724719330544,
              -31.389886926618317
            ],
            [
              -64.137212046539,
              -31.389857394154834
            ],
            [
              -64.13708540410963,
              -31.378253332286327
            ],
            [
              -64.12417182201092,
              -31.375766496520185
            ],
            [
              -64.11607994440989,
              -31.373927129806408
            ],
            [
              -64.10948812496788,
              -31.372432413221482
            ],
            [
              -64.08877241996338,
              -31.3677452823658
            ],
            [
              -64.07004605582406,
              -31.363485862765977
            ],
            [
              -64.05672942646973,
              -31.360441835628787
            ],
            [
              -64.05641183108744,
              -31.45121115328154
            ],
            [
              -64.08183743280564,
              -31.45101523815267
            ],
            [
              -64.0897665620943,
              -31.45111960525237
            ],
            [
              -64.0954353741806,
              -31.45112346839192
            ],
            [
              -64.10541622883791,
              -31.451146439315476
            ],
            [
              -64.10539933545529,
              -31.448042697332042
            ],
            [
              -64.11212525517188,
              -31.4474714046992
            ],
            [
              -64.11366584636785,
              -31.446140661969412
            ],
            [
              -64.11375226800754,
              -31.4510578206247
            ],
            [
              -64.11769025949856,
              -31.451051228848
            ],
            [
              -64.12157085272925,
              -31.447205957562545
            ],
            [
              -64.12447566925849,
              -31.44432730288909
            ],
            [
              -64.12494145652445,
              -31.44382226588826
            ],
            [
              -64.12591726664213,
              -31.442882215974848
            ],
            [
              -64.1275941073939,
              -31.441286916633143
            ],
            [
              -64.12924532714362,
              -31.439679023240434
            ],
            [
              -64.13176216742676,
              -31.437168356066845
            ],
            [
              -64.13298619353313,
              -31.43582147129941
            ],
            [
              -64.13310763049712,
              -31.43573243189601
            ],
            [
              -64.1341257924714,
              -31.434799626020567
            ],
            [
              -64.13492783910485,
              -31.4342260012317
            ],
            [
              -64.13610429782264,
              -31.433635669837564
            ],
            [
              -64.13717458893333,
              -31.433164887266905
            ],
            [
              -64.13770020104582,
              -31.432950191593836
            ],
            [
              -64.13887516720234,
              -31.432701674174538
            ],
            [
              -64.13981141580874,
              -31.432587911268737
            ],
            [
              -64.14260317913084,
              -31.432114936611438
            ],
            [
              -64.14406068592385,
              -31.431891055575996
            ],
            [
              -64.14531726593428,
              -31.431576697650904
            ],
            [
              -64.14631630353134,
              -31.431219766224995
            ],
            [
              -64.14797862889493,
              -31.430498509907274
            ],
            [
              -64.14742916140543,
              -31.429554499987315
            ],
            [
              -64.14620029237118,
              -31.41950944200331
            ],
            [
              -64.14620245303693,
              -31.419492229614267
            ],
            [
              -64.14742124605038,
              -31.41950222380696
            ],
            [
              -64.1487860278607,
              -31.419163907197643
            ],
            [
              -64.14994961390788,
              -31.418957817444845
            ],
            [
              -64.15108519228495,
              -31.418534575822118
            ],
            [
              -64.15343422089047,
              -31.417839537555828
            ],
            [
              -64.1539110200833,
              -31.41744393778564
            ],
            [
              -64.15459058871676,
              -31.417046510171325
            ],
            [
              -64.15602654827535,
              -31.41631616916021
            ],
            [
              -64.1563589847004,
              -31.416552302259948
            ],
            [
              -64.15688005546978,
              -31.4176997800818
            ],
            [
              -64.15691100581655,
              -31.41815602508392
            ],
            [
              -64.15784592637247,
              -31.419973679061858
            ],
            [
              -64.16238456360463,
              -31.4172282156642
            ],
            [
              -64.16328124551163,
              -31.41670704642611
            ],
            [
              -64.16290628042925,
              -31.415080006304475
            ],
            [
              -64.16518423728158,
              -31.408915699562947
            ],
            [
              -64.17238324979375,
              -31.41085980139664
            ],
            [
              -64.1738999356825,
              -31.40666504565123
            ],
            [
              -64.17465767091798,
              -31.40452814487112
            ],
            [
              -64.17536584380561,
              -31.402425333306915
            ],
            [
              -64.17592526799046,
              -31.40127854463396
            ],
            [
              -64.17595144262494,
              -31.39935273651911
            ]
          ]
        ]
      }
    },
    {
      "id": "2",
      "type": "Feature",
      "properties": {
        "ZONA": 3.0,
        "ZONAS": "3",
        "Zonass": "3",
        "AREA": 115.985706744
      },
      "geometry": {
        "type": "MultiPolygon",
        "coordinates": [
          [
            [
              [
                -64.19134840770002,
                -31.525098967643487
              ],
              [
                -64.19135091626389,
                -31.525136949987118
              ],
              [
                -64.19133745898738,
                -31.524905009166858
              ],
              [
                -64.19134840770002,
                -31.525098967643487
              ]
            ]
          ],
          [
            [
              [
                -64.1928919568929,
                -31.458600335685368
              ],
              [
                -64.19289209128794,
                -31.45860035861373
              ],
              [
                -64.19289750724431,
                -31.4585968983198
              ],
              [
                -64.1928919568929,
                -31.458600335685368
              ]
            ]
          ],
          [
            [
              [
                -64.19134840770002,
                -31.525098967643487
              ],
              [
                -64.19101258226652,
                -31.52001385946136
              ],
              [
                -64.19084634666167,
                -31.51728077135444
              ],
              [
                -64.19035584038048,
                -31.508255874956166
              ],
              [
                -64.18939567659606,
                -31.48958629901882
              ],
              [
                -64.18888848982519,
                -31.48026120795562
              ],
              [
                -64.18103063990152,
                -31.480386509984793
              ],
              [
                -64.18091007553409,
                -31.474275329391784
              ],
              [
                -64.18854903707734,
                -31.474019224827764
              ],
              [
                -64.18826636783109,
                -31.46856734431357
              ],
              [
                -64.18766413069446,
                -31.46775546072634
              ],
              [
                -64.18165846325942,
                -31.468140986963896
              ],
              [
                -64.18165398074173,
                -31.467822142687282
              ],
              [
                -64.18161142296839,
                -31.464794744175105
              ],
              [
                -64.18679663813043,
                -31.464772452357295
              ],
              [
                -64.18679586603888,
                -31.46441377670218
              ],
              [
                -64.18670961779131,
                -31.459179044752542
              ],
              [
                -64.1898710493064,
                -31.459155953162515
              ],
              [
                -64.19023048601336,
                -31.460248544419212
              ],
              [
                -64.1928919568929,
                -31.458600335685368
              ],
              [
                -64.19258415838816,
                -31.45854782359144
              ],
              [
                -64.19268284916258,
                -31.457943845863817
              ],
              [
                -64.19222917194284,
                -31.45635627444737
              ],
              [
                -64.18940648009666,
                -31.456964544667827
              ],
              [
                -64.18875192133662,
                -31.45491976860635
              ],
              [
                -64.18848732274925,
                -31.4541677477754
              ],
              [
                -64.18812981980427,
                -31.454314982782204
              ],
              [
                -64.18669147908057,
                -31.45432102444962
              ],
              [
                -64.1867365161955,
                -31.442845820490458
              ],
              [
                -64.18673460810957,
                -31.442691711949312
              ],
              [
                -64.18265498633188,
                -31.44217554606952
              ],
              [
                -64.17671499045365,
                -31.44142992577663
              ],
              [
                -64.1761268351264,
                -31.433217358730527
              ],
              [
                -64.17545424947299,
                -31.43349403856615
              ],
              [
                -64.1746687580665,
                -31.433752429159615
              ],
              [
                -64.17417072794828,
                -31.433859302676897
              ],
              [
                -64.17338825571748,
                -31.43370387565725
              ],
              [
                -64.17264842728042,
                -31.433404634200922
              ],
              [
                -64.17210862054925,
                -31.433046180116683
              ],
              [
                -64.16970198355482,
                -31.43324030966183
              ],
              [
                -64.16989796448232,
                -31.432856000246506
              ],
              [
                -64.17000211761649,
                -31.432262143489385
              ],
              [
                -64.16986616039006,
                -31.432091251268808
              ],
              [
                -64.16986378527744,
                -31.431900013238472
              ],
              [
                -64.17010674534731,
                -31.43170653422438
              ],
              [
                -64.17012886511853,
                -31.429545905646208
              ],
              [
                -64.16908596735071,
                -31.429664833286548
              ],
              [
                -64.16786623453964,
                -31.42853971262436
              ],
              [
                -64.1651118099979,
                -31.425687914146934
              ],
              [
                -64.16148238588964,
                -31.426318869011965
              ],
              [
                -64.15910790316595,
                -31.426716349392287
              ],
              [
                -64.15842097971371,
                -31.426819243357155
              ],
              [
                -64.15692033320293,
                -31.42710207258485
              ],
              [
                -64.15692033508158,
                -31.427102390007516
              ],
              [
                -64.15599175423901,
                -31.42723879446614
              ],
              [
                -64.15428407492433,
                -31.42789036908787
              ],
              [
                -64.15120406373322,
                -31.429130795355896
              ],
              [
                -64.14636063800553,
                -31.43122192465377
              ],
              [
                -64.14635883883744,
                -31.431219385648607
              ],
              [
                -64.14544762470587,
                -31.43155631847824
              ],
              [
                -64.14415879831338,
                -31.431864799809706
              ],
              [
                -64.14003361188956,
                -31.4325784040334
              ],
              [
                -64.1389476475927,
                -31.432693753547248
              ],
              [
                -64.13774892112542,
                -31.432949758680625
              ],
              [
                -64.13717458893333,
                -31.433164887266905
              ],
              [
                -64.13619842049312,
                -31.433605214492776
              ],
              [
                -64.13492783910485,
                -31.4342260012317
              ],
              [
                -64.1341393316631,
                -31.434801159623714
              ],
              [
                -64.13352520507505,
                -31.435350149207252
              ],
              [
                -64.13298619353313,
                -31.43582147129941
              ],
              [
                -64.13228498181205,
                -31.43654912340941
              ],
              [
                -64.13001298287475,
                -31.438928628029505
              ],
              [
                -64.1275941073939,
                -31.441286916633143
              ],
              [
                -64.12591726664213,
                -31.442882215974848
              ],
              [
                -64.12494145652445,
                -31.44382226588826
              ],
              [
                -64.12447566925849,
                -31.44432730288909
              ],
              [
                -64.12175915869348,
                -31.4470157706778
              ],
              [
                -64.12030018597342,
                -31.44845222149793
              ],
              [
                -64.11769025949856,
                -31.451051228848
              ],
              [
                -64.11372433179619,
                -31.451059908695584
              ],
              [
                -64.11366584636785,
                -31.446140661969412
              ],
              [
                -64.11212525517188,
                -31.4474714046992
              ],
              [
                -64.10539933545529,
                -31.448042697332042
              ],
              [
                -64.10541622883791,
                -31.451146439315476
              ],
              [
                -64.0954754028194,
                -31.451123126023408
              ],
              [
                -64.0897665620943,
                -31.45111960525237
              ],
              [
                -64.08183743280564,
                -31.45101523815267
              ],
              [
                -64.0749193965296,
                -31.45105110516895
              ],
              [
                -64.05641183108744,
                -31.45121115328154
              ],
              [
                -64.05592915161886,
                -31.526129896150387
              ],
              [
                -64.1192176183979,
                -31.525577668825896
              ],
              [
                -64.11921757841209,
                -31.525575897878227
              ],
              [
                -64.11921764288812,
                -31.52557785791938
              ],
              [
                -64.15234691999862,
                -31.525475407639576
              ],
              [
                -64.15235239908637,
                -31.52547528497829
              ],
              [
                -64.1689584498352,
                -31.52537100410213
              ],
              [
                -64.16895838773051,
                -31.525371752083256
              ],
              [
                -64.19135043352443,
                -31.52513485538445
              ],
              [
                -64.19134840770002,
                -31.525098967643487
              ]
            ]
          ]
        ]
      }
    },
    {
      "id": "3",
      "type": "Feature",
      "properties": {
        "ZONA": 4.0,
        "ZONAS": "4",
        "Zonass": "4",
        "AREA": 83.6781495434
      },
      "geometry": {
        "type": "Polygon",
        "coordinates": [
          [
            [
              -64.3098941128743,
              -31.50518548617006
            ],
            [
              -64.30841399081028,
              -31.504597603981427
            ],
            [
              -64.30352329525978,
              -31.501274400455817
            ],
            [
              -64.29564533692457,
              -31.496140056811765
            ],
            [
              -64.28460826234009,
              -31.485942209696862
            ],
            [
              -64.27490319378823,
              -31.477899879409772
            ],
            [
              -64.27165103733483,
              -31.476337916017197
            ],
            [
              -64.27141857763766,
              -31.47543818031623
            ],
            [
              -64.26775196043023,
              -31.47035595834554
            ],
            [
              -64.26695923918412,
              -31.469650559639184
            ],
            [
              -64.26240796043328,
              -31.467912400899245
            ],
            [
              -64.26143942765384,
              -31.4683479805893
            ],
            [
              -64.26081174268393,
              -31.468203612751964
            ],
            [
              -64.26021522471262,
              -31.46792720299998
            ],
            [
              -64.25846111184438,
              -31.468104416866606
            ],
            [
              -64.25736143887417,
              -31.46796466978036
            ],
            [
              -64.2565441435155,
              -31.467596316784405
            ],
            [
              -64.25563997229575,
              -31.466476055750753
            ],
            [
              -64.25549474563493,
              -31.464642640238285
            ],
            [
              -64.25559602053171,
              -31.46318318519915
            ],
            [
              -64.25452074177878,
              -31.46157530150324
            ],
            [
              -64.25378718237172,
              -31.46089559682718
            ],
            [
              -64.25249662833355,
              -31.46042834539005
            ],
            [
              -64.25076111632313,
              -31.46116983605286
            ],
            [
              -64.24953817661579,
              -31.460833626004934
            ],
            [
              -64.24737307483215,
              -31.459810286347466
            ],
            [
              -64.24642742980218,
              -31.458859729623036
            ],
            [
              -64.24588957298552,
              -31.457901007973756
            ],
            [
              -64.24433697220655,
              -31.457030412019417
            ],
            [
              -64.2436173321843,
              -31.455581264230467
            ],
            [
              -64.24254270114892,
              -31.455096308413076
            ],
            [
              -64.24088443296858,
              -31.455502692174615
            ],
            [
              -64.23990468064596,
              -31.455572228836914
            ],
            [
              -64.23927037786774,
              -31.45527813384156
            ],
            [
              -64.23846374767044,
              -31.45519586663071
            ],
            [
              -64.23753020886255,
              -31.45478456238868
            ],
            [
              -64.23684874583658,
              -31.454747363544183
            ],
            [
              -64.23684901534037,
              -31.454763241432676
            ],
            [
              -64.23592929869689,
              -31.454650881209798
            ],
            [
              -64.234921605804,
              -31.454557776756484
            ],
            [
              -64.23344054915589,
              -31.45396096303407
            ],
            [
              -64.23289893104749,
              -31.453873515036584
            ],
            [
              -64.23185967312367,
              -31.45369833846414
            ],
            [
              -64.23070762450836,
              -31.45264357873454
            ],
            [
              -64.23002471350988,
              -31.451662113659903
            ],
            [
              -64.22936914034273,
              -31.45071991444803
            ],
            [
              -64.22891217534394,
              -31.449522464233794
            ],
            [
              -64.22862074061027,
              -31.448792678594994
            ],
            [
              -64.2281794276858,
              -31.44822227178395
            ],
            [
              -64.22773191848626,
              -31.447612073661922
            ],
            [
              -64.22751050136416,
              -31.447308816478614
            ],
            [
              -64.22720984214135,
              -31.446740061497128
            ],
            [
              -64.22668258671334,
              -31.44573404404217
            ],
            [
              -64.22629065046958,
              -31.44541289127993
            ],
            [
              -64.22355734215036,
              -31.44477318437571
            ],
            [
              -64.22202490629661,
              -31.44427028230142
            ],
            [
              -64.22091814972879,
              -31.44297263143379
            ],
            [
              -64.22022667893255,
              -31.441597266611666
            ],
            [
              -64.21915604603458,
              -31.441457194626164
            ],
            [
              -64.2170654363277,
              -31.44068040130813
            ],
            [
              -64.21647790269316,
              -31.440628478593297
            ],
            [
              -64.21351254807034,
              -31.43952090827441
            ],
            [
              -64.21234863967062,
              -31.43512247367788
            ],
            [
              -64.21226252757253,
              -31.434758461865357
            ],
            [
              -64.21199057910603,
              -31.43368451996308
            ],
            [
              -64.21138253652855,
              -31.43119062320865
            ],
            [
              -64.2111432880602,
              -31.430215229851086
            ],
            [
              -64.21198786767611,
              -31.430280709099186
            ],
            [
              -64.21555434402522,
              -31.43053109966114
            ],
            [
              -64.21495310154515,
              -31.428147040802845
            ],
            [
              -64.2153832236844,
              -31.42805940444777
            ],
            [
              -64.21499000378537,
              -31.426742462697977
            ],
            [
              -64.21312324476102,
              -31.42710422540422
            ],
            [
              -64.21258872373394,
              -31.425099599792297
            ],
            [
              -64.2119968216347,
              -31.422730792326924
            ],
            [
              -64.21175458538144,
              -31.421828377681212
            ],
            [
              -64.2090365058509,
              -31.422344258507298
            ],
            [
              -64.20717787835412,
              -31.415656471969427
            ],
            [
              -64.20572256069607,
              -31.414866824508316
            ],
            [
              -64.204999180961,
              -31.41448050670104
            ],
            [
              -64.20441963442805,
              -31.41418832192927
            ],
            [
              -64.2034843980945,
              -31.414170925611792
            ],
            [
              -64.20237245120285,
              -31.41396943625279
            ],
            [
              -64.20194980452561,
              -31.414206305696737
            ],
            [
              -64.20112826992829,
              -31.414642322255933
            ],
            [
              -64.20014714495633,
              -31.415041032616525
            ],
            [
              -64.19871008755143,
              -31.415475933151086
            ],
            [
              -64.19732280635932,
              -31.41586091745845
            ],
            [
              -64.19600083059176,
              -31.416269216087805
            ],
            [
              -64.19211045120069,
              -31.417516226229985
            ],
            [
              -64.1908602830272,
              -31.417887092567344
            ],
            [
              -64.19006109025624,
              -31.418105533454085
            ],
            [
              -64.19031113195405,
              -31.417405126768873
            ],
            [
              -64.19052209060115,
              -31.416814189489347
            ],
            [
              -64.19151345012324,
              -31.41379564655652
            ],
            [
              -64.18669381180283,
              -31.41520676593651
            ],
            [
              -64.1799957629855,
              -31.41718621536949
            ],
            [
              -64.18198552157878,
              -31.421899936630723
            ],
            [
              -64.18457897802655,
              -31.428077176674854
            ],
            [
              -64.18473637300295,
              -31.428048668913384
            ],
            [
              -64.18479946801679,
              -31.428048085484978
            ],
            [
              -64.18501549265365,
              -31.428082160496352
            ],
            [
              -64.1851529950271,
              -31.428144013973753
            ],
            [
              -64.1852314523763,
              -31.42818974174378
            ],
            [
              -64.18533172706515,
              -31.42824818530837
            ],
            [
              -64.18546186216585,
              -31.428403278529583
            ],
            [
              -64.18746057312765,
              -31.42777404855363
            ],
            [
              -64.19146547070467,
              -31.426526887768034
            ],
            [
              -64.19198591908302,
              -31.427760979218313
            ],
            [
              -64.19319643572477,
              -31.43062822939951
            ],
            [
              -64.19397493539006,
              -31.432472341234323
            ],
            [
              -64.19370730028116,
              -31.43260973198752
            ],
            [
              -64.19357614992305,
              -31.432718765458848
            ],
            [
              -64.19348807731528,
              -31.43283196511401
            ],
            [
              -64.19343523295073,
              -31.432950318146403
            ],
            [
              -64.19349199543352,
              -31.43320086305919
            ],
            [
              -64.1935745055042,
              -31.43332652015157
            ],
            [
              -64.19366023804331,
              -31.433422854541877
            ],
            [
              -64.19376017914975,
              -31.433505180314338
            ],
            [
              -64.1939049325637,
              -31.43357629463071
            ],
            [
              -64.19406909190567,
              -31.433617934392547
            ],
            [
              -64.19437962365727,
              -31.433601441043027
            ],
            [
              -64.19529299635089,
              -31.436383750422575
            ],
            [
              -64.19779608555554,
              -31.444044236822258
            ],
            [
              -64.1963569080228,
              -31.443890504381976
            ],
            [
              -64.19498592816306,
              -31.443719747347554
            ],
            [
              -64.18673460810957,
              -31.442691711949312
            ],
            [
              -64.1867365161955,
              -31.442845820490458
            ],
            [
              -64.18669147908057,
              -31.45432102444962
            ],
            [
              -64.18812981980427,
              -31.454314982782204
            ],
            [
              -64.18848732274925,
              -31.4541677477754
            ],
            [
              -64.18875351929528,
              -31.454956549705717
            ],
            [
              -64.18906744086814,
              -31.45590543227191
            ],
            [
              -64.18940648009666,
              -31.456964544667827
            ],
            [
              -64.19222917194284,
              -31.45635627444737
            ],
            [
              -64.19267458018341,
              -31.45793691061488
            ],
            [
              -64.19256779913812,
              -31.458547976064768
            ],
            [
              -64.19283816162289,
              -31.458597157935387
            ],
            [
              -64.19023048601336,
              -31.460248544419212
            ],
            [
              -64.18988288560254,
              -31.459163213015895
            ],
            [
              -64.18670961779131,
              -31.459179044752542
            ],
            [
              -64.18679663813043,
              -31.464772452357295
            ],
            [
              -64.18161142296839,
              -31.464794744175105
            ],
            [
              -64.18165398074173,
              -31.467822142687282
            ],
            [
              -64.18165846325942,
              -31.468140986963896
            ],
            [
              -64.18766413069446,
              -31.46775546072634
            ],
            [
              -64.18826636783109,
              -31.46856734431357
            ],
            [
              -64.18832704011146,
              -31.46973761006641
            ],
            [
              -64.18836174245378,
              -31.470406942116647
            ],
            [
              -64.18841672264419,
              -31.471467363317966
            ],
            [
              -64.1884978336529,
              -31.47303171997525
            ],
            [
              -64.18854903707734,
              -31.474019224827764
            ],
            [
              -64.18343660360671,
              -31.47419067532119
            ],
            [
              -64.18091007553409,
              -31.474275329391784
            ],
            [
              -64.18096379659006,
              -31.47699853107916
            ],
            [
              -64.18103063990152,
              -31.480386509984793
            ],
            [
              -64.18473548937737,
              -31.48032749221794
            ],
            [
              -64.18888848982519,
              -31.48026120795562
            ],
            [
              -64.18925388316215,
              -31.48697954355628
            ],
            [
              -64.18982560191955,
              -31.497947062643917
            ],
            [
              -64.19012151290596,
              -31.503700490696847
            ],
            [
              -64.19135091626389,
              -31.525136949987118
            ],
            [
              -64.22787667425523,
              -31.524821850177652
            ],
            [
              -64.22787673523268,
              -31.52482687135446
            ],
            [
              -64.27899336396145,
              -31.524984386675126
            ],
            [
              -64.28687146258294,
              -31.5249839423785
            ],
            [
              -64.30988882983681,
              -31.52502181928562
            ],
            [
              -64.3098941128743,
              -31.50518548617006
            ]
          ]
        ]
      }
    },
    {
      "id": "4",
      "type": "Feature",
      "properties": {
        "ZONA": 5.0,
        "ZONAS": "5",
        "Zonass": "5",
        "AREA": 110.562661772
      },
      "geometry": {
        "type": "MultiPolygon",
        "coordinates": [
          [
            [
              [
                -64.26719021087071,
                -31.352953851140008
              ],
              [
                -64.26723691382932,
                -31.352919853695266
              ],
              [
                -64.26707604457897,
                -31.353014981495424
              ],
              [
                -64.26719021087071,
                -31.352953851140008
              ]
            ]
          ],
          [
            [
              [
                -64.26719021087071,
                -31.352953851140008
              ],
              [
                -64.26662240933082,
                -31.35328322988824
              ],
              [
                -64.26578344107911,
                -31.353925623355245
              ],
              [
                -64.2644168938721,
                -31.355762159854056
              ],
              [
                -64.26440424473992,
                -31.356310094544416
              ],
              [
                -64.26410070685344,
                -31.356478667207533
              ],
              [
                -64.26271867399579,
                -31.357145041474553
              ],
              [
                -64.2618096514346,
                -31.357341278213216
              ],
              [
                -64.26076315797992,
                -31.357182924939803
              ],
              [
                -64.26041720747749,
                -31.357316876797523
              ],
              [
                -64.25975175905775,
                -31.35793887640252
              ],
              [
                -64.25936446459106,
                -31.35824118469546
              ],
              [
                -64.25917695556356,
                -31.35883973814615
              ],
              [
                -64.25940122873764,
                -31.359359748033572
              ],
              [
                -64.25912841158745,
                -31.360384537278293
              ],
              [
                -64.25959497682545,
                -31.361353154490065
              ],
              [
                -64.26043738634664,
                -31.362155878539294
              ],
              [
                -64.26124590837887,
                -31.363250888127183
              ],
              [
                -64.26167730953192,
                -31.364414481856816
              ],
              [
                -64.26145689686142,
                -31.367725518887674
              ],
              [
                -64.26081380543089,
                -31.36861960373185
              ],
              [
                -64.25958799580673,
                -31.369333440173506
              ],
              [
                -64.26073282104713,
                -31.37294714504901
              ],
              [
                -64.26172355462737,
                -31.374976763420726
              ],
              [
                -64.26142053493422,
                -31.375204769277474
              ],
              [
                -64.26124884943826,
                -31.375307695743583
              ],
              [
                -64.25975687943702,
                -31.375798581836364
              ],
              [
                -64.25900898430487,
                -31.3760430732363
              ],
              [
                -64.25721696976215,
                -31.376628870827222
              ],
              [
                -64.25503738440617,
                -31.376813588092705
              ],
              [
                -64.25475650778533,
                -31.377179881701657
              ],
              [
                -64.25438812374242,
                -31.378021753269046
              ],
              [
                -64.25387660924467,
                -31.37937121700828
              ],
              [
                -64.25334294628065,
                -31.380292632500815
              ],
              [
                -64.25197345512748,
                -31.38196008109264
              ],
              [
                -64.25334288361877,
                -31.385262678737366
              ],
              [
                -64.25219692653671,
                -31.38567608247873
              ],
              [
                -64.25104074604604,
                -31.38608416707207
              ],
              [
                -64.24702306188688,
                -31.387521108235276
              ],
              [
                -64.24568077855373,
                -31.384781474862613
              ],
              [
                -64.24753926581933,
                -31.384054901003314
              ],
              [
                -64.2473693828665,
                -31.3834988108859
              ],
              [
                -64.24673094233285,
                -31.382801586970114
              ],
              [
                -64.24632374413594,
                -31.382287682321234
              ],
              [
                -64.24523819864886,
                -31.38091917349417
              ],
              [
                -64.24337145520401,
                -31.37843864366221
              ],
              [
                -64.24198682245319,
                -31.37669942728414
              ],
              [
                -64.2403908149771,
                -31.37759125338722
              ],
              [
                -64.23614991827957,
                -31.372727977796014
              ],
              [
                -64.23696365071494,
                -31.37204646682046
              ],
              [
                -64.23614176241266,
                -31.371325420660312
              ],
              [
                -64.237167207917,
                -31.370485430971975
              ],
              [
                -64.23655730439582,
                -31.36977987987117
              ],
              [
                -64.23555765981109,
                -31.368640098563453
              ],
              [
                -64.23420230054269,
                -31.367476289634943
              ],
              [
                -64.23376203946741,
                -31.368125830418577
              ],
              [
                -64.23148287312551,
                -31.37050020605913
              ],
              [
                -64.23055730684014,
                -31.371554633002784
              ],
              [
                -64.2299577417526,
                -31.372300977140803
              ],
              [
                -64.22903242462468,
                -31.373377173587443
              ],
              [
                -64.22445968992622,
                -31.37852191761468
              ],
              [
                -64.22307870333205,
                -31.380208341641225
              ],
              [
                -64.22305783279069,
                -31.3805570550966
              ],
              [
                -64.22313766053243,
                -31.380839461379516
              ],
              [
                -64.22368263451119,
                -31.381749112215633
              ],
              [
                -64.22359181766194,
                -31.382577700154833
              ],
              [
                -64.22190471535117,
                -31.383661112713234
              ],
              [
                -64.21896701533947,
                -31.385930652981813
              ],
              [
                -64.21228487507324,
                -31.38806937473077
              ],
              [
                -64.20368860185833,
                -31.390881010357557
              ],
              [
                -64.20387240068301,
                -31.391215843168286
              ],
              [
                -64.20319658514894,
                -31.392205765176094
              ],
              [
                -64.20091305549707,
                -31.39606234181598
              ],
              [
                -64.1992773376489,
                -31.397369938334613
              ],
              [
                -64.1979843781435,
                -31.398882744995166
              ],
              [
                -64.19722803795426,
                -31.40055727426735
              ],
              [
                -64.19622181916813,
                -31.401692205493962
              ],
              [
                -64.19443371441983,
                -31.404515792750484
              ],
              [
                -64.19380779080119,
                -31.40538417819956
              ],
              [
                -64.19364547633174,
                -31.405802590774847
              ],
              [
                -64.19383910958672,
                -31.40653395826103
              ],
              [
                -64.1966156913425,
                -31.4060767902862
              ],
              [
                -64.19934796931904,
                -31.40543309011526
              ],
              [
                -64.200648227327,
                -31.404874633418157
              ],
              [
                -64.20191715025155,
                -31.404488968549902
              ],
              [
                -64.20428994605106,
                -31.403920413934685
              ],
              [
                -64.20508151178844,
                -31.402906662515726
              ],
              [
                -64.20505212346788,
                -31.40060679760221
              ],
              [
                -64.2084914276859,
                -31.399568108578656
              ],
              [
                -64.20899232685778,
                -31.39941962639625
              ],
              [
                -64.21221315676915,
                -31.407468444909785
              ],
              [
                -64.21342442620758,
                -31.410418408206134
              ],
              [
                -64.20570743213024,
                -31.41292731819914
              ],
              [
                -64.20352614953391,
                -31.413566362110682
              ],
              [
                -64.20237245120285,
                -31.41396943625279
              ],
              [
                -64.20278933801401,
                -31.41405042665145
              ],
              [
                -64.2034843980945,
                -31.414170925611792
              ],
              [
                -64.20441963442805,
                -31.41418832192927
              ],
              [
                -64.20461766373568,
                -31.41428898745539
              ],
              [
                -64.204999180961,
                -31.41448050670104
              ],
              [
                -64.20548952150774,
                -31.414733746117303
              ],
              [
                -64.20717787835412,
                -31.415656471969427
              ],
              [
                -64.20758879598313,
                -31.41710244713513
              ],
              [
                -64.20786790885397,
                -31.41808458759254
              ],
              [
                -64.2090365058509,
                -31.422344258507298
              ],
              [
                -64.21039931355855,
                -31.422085611458964
              ],
              [
                -64.21175458538144,
                -31.421828377681212
              ],
              [
                -64.21258872373394,
                -31.425099599792297
              ],
              [
                -64.21312324476102,
                -31.42710422540422
              ],
              [
                -64.21499000378537,
                -31.426742462697977
              ],
              [
                -64.2153832236844,
                -31.42805940444777
              ],
              [
                -64.21495310154515,
                -31.428147040802845
              ],
              [
                -64.21555434402522,
                -31.43053109966114
              ],
              [
                -64.21319837164069,
                -31.43036241333542
              ],
              [
                -64.2111432880602,
                -31.430215229851086
              ],
              [
                -64.21205075613582,
                -31.433914773261954
              ],
              [
                -64.21226252757253,
                -31.434758461865357
              ],
              [
                -64.21266627241884,
                -31.436322859505886
              ],
              [
                -64.2128892440455,
                -31.437222895097555
              ],
              [
                -64.21351254807034,
                -31.43952090827441
              ],
              [
                -64.21648301807168,
                -31.44061658990626
              ],
              [
                -64.21705694671147,
                -31.440669449650226
              ],
              [
                -64.21789145466157,
                -31.441036492512126
              ],
              [
                -64.21915604603458,
                -31.441457194626164
              ],
              [
                -64.22022944648924,
                -31.441584733257717
              ],
              [
                -64.22064171007639,
                -31.442414291875743
              ],
              [
                -64.22090468184527,
                -31.442931966514955
              ],
              [
                -64.22125262874349,
                -31.44336480659535
              ],
              [
                -64.22158750180819,
                -31.44374877989732
              ],
              [
                -64.22201006475598,
                -31.44425425543698
              ],
              [
                -64.22310585985103,
                -31.44462642584625
              ],
              [
                -64.22418947611744,
                -31.44492198286564
              ],
              [
                -64.22562591489087,
                -31.4452600938034
              ],
              [
                -64.22629065046958,
                -31.44541289127993
              ],
              [
                -64.22668258671334,
                -31.44573404404217
              ],
              [
                -64.22703515835887,
                -31.446404439191717
              ],
              [
                -64.22751050136416,
                -31.447308816478614
              ],
              [
                -64.2281794276858,
                -31.44822227178395
              ],
              [
                -64.22862074061027,
                -31.448792678594994
              ],
              [
                -64.22890842392484,
                -31.44951307033489
              ],
              [
                -64.22940678184514,
                -31.450760986151614
              ],
              [
                -64.2300462272505,
                -31.451674247865768
              ],
              [
                -64.23070762450836,
                -31.45264357873454
              ],
              [
                -64.23138286012735,
                -31.453261795887396
              ],
              [
                -64.23173028426885,
                -31.45356351731353
              ],
              [
                -64.23189276720488,
                -31.453711056359044
              ],
              [
                -64.23253510359362,
                -31.45381477118664
              ],
              [
                -64.23344054915589,
                -31.45396096303407
              ],
              [
                -64.23364897226075,
                -31.45404495172734
              ],
              [
                -64.23488271460616,
                -31.45453990670616
              ],
              [
                -64.23575428998865,
                -31.45463232478443
              ],
              [
                -64.23684128198374,
                -31.454748850808674
              ],
              [
                -64.23750362507165,
                -31.4547758335824
              ],
              [
                -64.23850853440673,
                -31.45518894746242
              ],
              [
                -64.23930169181115,
                -31.455292544739585
              ],
              [
                -64.23994286479106,
                -31.45559363163131
              ],
              [
                -64.24097871574132,
                -31.45548771856294
              ],
              [
                -64.24254427743708,
                -31.455105345752088
              ],
              [
                -64.2436152807807,
                -31.455606794274455
              ],
              [
                -64.24432197664362,
                -31.45702419174329
              ],
              [
                -64.24586527981921,
                -31.457905375575496
              ],
              [
                -64.24642319349435,
                -31.45886197326749
              ],
              [
                -64.24740974830424,
                -31.45984267320761
              ],
              [
                -64.24956475551892,
                -31.4608342225555
              ],
              [
                -64.2507634345752,
                -31.461167457478663
              ],
              [
                -64.25250616489049,
                -31.460438293379948
              ],
              [
                -64.25378435510942,
                -31.460893119676285
              ],
              [
                -64.25450726449144,
                -31.461564787424717
              ],
              [
                -64.25560623045884,
                -31.463178560800355
              ],
              [
                -64.25549544000708,
                -31.46460390492478
              ],
              [
                -64.25565033501142,
                -31.46648285106689
              ],
              [
                -64.25654798831808,
                -31.4675978725616
              ],
              [
                -64.2573707968508,
                -31.467968112921277
              ],
              [
                -64.25851499279528,
                -31.468101522092464
              ],
              [
                -64.26021331810836,
                -31.467929039209686
              ],
              [
                -64.26080115568286,
                -31.468201426301913
              ],
              [
                -64.26142249928088,
                -31.468345222959343
              ],
              [
                -64.26241995393077,
                -31.46790730069195
              ],
              [
                -64.26693477684894,
                -31.469620768056345
              ],
              [
                -64.26772349970126,
                -31.47034734111337
              ],
              [
                -64.27032829728124,
                -31.473848772377305
              ],
              [
                -64.27152095606858,
                -31.47563950103048
              ],
              [
                -64.27168605965123,
                -31.476327732365604
              ],
              [
                -64.27487688480633,
                -31.47791910186081
              ],
              [
                -64.27736787327188,
                -31.48000481579922
              ],
              [
                -64.28446030526898,
                -31.485832194737007
              ],
              [
                -64.2956501380984,
                -31.49614254994028
              ],
              [
                -64.3039355281431,
                -31.50154577057897
              ],
              [
                -64.30841187415197,
                -31.504595514443817
              ],
              [
                -64.3098941128743,
                -31.50518548617006
              ],
              [
                -64.30993955783119,
                -31.335555247266523
              ],
              [
                -64.30859540802524,
                -31.33558938776792
              ],
              [
                -64.3053724762728,
                -31.335625233816263
              ],
              [
                -64.30524296270625,
                -31.336217469965167
              ],
              [
                -64.30522844547383,
                -31.336828233593625
              ],
              [
                -64.30537172460147,
                -31.338894991601087
              ],
              [
                -64.30523595317852,
                -31.339034253397227
              ],
              [
                -64.3049835488297,
                -31.339036820398103
              ],
              [
                -64.30463419685965,
                -31.338666124531827
              ],
              [
                -64.30420921799599,
                -31.337803763375202
              ],
              [
                -64.30377107984897,
                -31.33765063681072
              ],
              [
                -64.30347278755968,
                -31.337653666966048
              ],
              [
                -64.30278794929006,
                -31.337916686275772
              ],
              [
                -64.30219950164123,
                -31.338513577763496
              ],
              [
                -64.30190717324983,
                -31.3389498841526
              ],
              [
                -64.30154519122755,
                -31.339327804823803
              ],
              [
                -64.30139188997657,
                -31.339861186406573
              ],
              [
                -64.30149207938302,
                -31.340470786379047
              ],
              [
                -64.30138249963235,
                -31.340846146442274
              ],
              [
                -64.30092953642037,
                -31.341284080204936
              ],
              [
                -64.30009324832356,
                -31.34221832849379
              ],
              [
                -64.30005412703727,
                -31.34271115722023
              ],
              [
                -64.29882609483585,
                -31.343531182161787
              ],
              [
                -64.2991315821198,
                -31.34425334036003
              ],
              [
                -64.29909394104787,
                -31.344651216232933
              ],
              [
                -64.29903079070628,
                -31.344817774616693
              ],
              [
                -64.29886735524734,
                -31.344961391568724
              ],
              [
                -64.29869686119297,
                -31.344967553320036
              ],
              [
                -64.29820780950514,
                -31.344737376953596
              ],
              [
                -64.29804230165665,
                -31.344730178740758
              ],
              [
                -64.29796514243259,
                -31.344757577128373
              ],
              [
                -64.29545017720456,
                -31.346716877434645
              ],
              [
                -64.29531896884907,
                -31.347190937368527
              ],
              [
                -64.29625822678729,
                -31.348737537433493
              ],
              [
                -64.29700284357182,
                -31.349478509560342
              ],
              [
                -64.29878828229725,
                -31.350799863398915
              ],
              [
                -64.30031401254068,
                -31.35159199717224
              ],
              [
                -64.30040851893509,
                -31.35178801197249
              ],
              [
                -64.29922302336561,
                -31.352371243449905
              ],
              [
                -64.2987240976569,
                -31.352809634671832
              ],
              [
                -64.29749213904303,
                -31.35335392590609
              ],
              [
                -64.29690380605841,
                -31.352296222171475
              ],
              [
                -64.2965557852214,
                -31.35202397768973
              ],
              [
                -64.29595775823962,
                -31.351931533466324
              ],
              [
                -64.2952479567176,
                -31.352056884928675
              ],
              [
                -64.29420472598953,
                -31.3512992184198
              ],
              [
                -64.29341850575676,
                -31.351095367640088
              ],
              [
                -64.29325869797906,
                -31.350934509195735
              ],
              [
                -64.29250084645679,
                -31.350902751706315
              ],
              [
                -64.2916353173823,
                -31.34970993285125
              ],
              [
                -64.29117392391802,
                -31.349537301039746
              ],
              [
                -64.29068344825957,
                -31.349690650006384
              ],
              [
                -64.29035584439104,
                -31.35013645037836
              ],
              [
                -64.2904399340798,
                -31.35293262141679
              ],
              [
                -64.28997117284547,
                -31.353902503287863
              ],
              [
                -64.28974597829733,
                -31.35421992404176
              ],
              [
                -64.28818070899021,
                -31.355575067102706
              ],
              [
                -64.28766963747707,
                -31.358495397417684
              ],
              [
                -64.28564595066786,
                -31.358220235198093
              ],
              [
                -64.26724673655914,
                -31.35292358438685
              ],
              [
                -64.26719021087071,
                -31.352953851140008
              ]
            ]
          ]
        ]
      }
    },
    {
      "id": "5",
      "type": "Feature",
      "properties": {
        "ZONA": 6.0,
        "ZONAS": "6",
        "Zonass": "6",
        "AREA": 66.1351535684
      },
      "geometry": {
        "type": "Polygon",
        "coordinates": [
          [
            [
              -64.30984643524687,
              -31.335557612481125
            ],
            [
              -64.30983554942186,
              -31.307889564630994
            ],
            [
              -64.22045883836095,
              -31.30811965842018
            ],
            [
              -64.22045879242097,
              -31.30811975115542
            ],
            [
              -64.22045790726317,
              -31.308121564754764
            ],
            [
              -64.21840234501659,
              -31.312270739950716
            ],
            [
              -64.21647396389109,
              -31.31645951302012
            ],
            [
              -64.21616093217013,
              -31.316961932326098
            ],
            [
              -64.21580886014614,
              -31.317780085674944
            ],
            [
              -64.21529813714893,
              -31.3188044795395
            ],
            [
              -64.21160317385267,
              -31.32669443526554
            ],
            [
              -64.21129104212888,
              -31.3271788470069
            ],
            [
              -64.21111596433418,
              -31.32781135054624
            ],
            [
              -64.21089275350249,
              -31.328299459958423
            ],
            [
              -64.20953549123097,
              -31.33179822256912
            ],
            [
              -64.2092792457668,
              -31.332468566125634
            ],
            [
              -64.20840641238635,
              -31.334243500023938
            ],
            [
              -64.2082465085576,
              -31.3343418378128
            ],
            [
              -64.20812130625012,
              -31.33463351392909
            ],
            [
              -64.20808973484678,
              -31.33535610089145
            ],
            [
              -64.20802104169587,
              -31.343183364033752
            ],
            [
              -64.20599900439171,
              -31.346397847046912
            ],
            [
              -64.20226859955491,
              -31.352173621326102
            ],
            [
              -64.20262271156126,
              -31.354166529748753
            ],
            [
              -64.19530765548211,
              -31.35345921081349
            ],
            [
              -64.19249946451328,
              -31.353862761735925
            ],
            [
              -64.18792126177713,
              -31.355073433970116
            ],
            [
              -64.18559740110861,
              -31.35569400781268
            ],
            [
              -64.18593369263253,
              -31.35745817700678
            ],
            [
              -64.18601843474994,
              -31.35753527352196
            ],
            [
              -64.18802076035051,
              -31.367425470454446
            ],
            [
              -64.18806096823316,
              -31.36840159214614
            ],
            [
              -64.18857212524155,
              -31.370950373692356
            ],
            [
              -64.189397632816,
              -31.37474539450553
            ],
            [
              -64.19058216592481,
              -31.374548689924023
            ],
            [
              -64.19223924780943,
              -31.37417385138024
            ],
            [
              -64.19498494919064,
              -31.3734667440859
            ],
            [
              -64.19564959271615,
              -31.37330339819555
            ],
            [
              -64.19894578415712,
              -31.37246767084133
            ],
            [
              -64.19902378321899,
              -31.375254406073427
            ],
            [
              -64.19901738146277,
              -31.376008553553913
            ],
            [
              -64.19905297862137,
              -31.37755295671225
            ],
            [
              -64.19904074425574,
              -31.378924127960243
            ],
            [
              -64.1990629036535,
              -31.381688915829876
            ],
            [
              -64.19911011734283,
              -31.382469982237243
            ],
            [
              -64.19942698126223,
              -31.38225221843198
            ],
            [
              -64.20014933921557,
              -31.381665041800492
            ],
            [
              -64.20036059817339,
              -31.381521387703653
            ],
            [
              -64.2011301845434,
              -31.380878920405713
            ],
            [
              -64.20242174857736,
              -31.381433523509166
            ],
            [
              -64.20365463771114,
              -31.382033223900546
            ],
            [
              -64.20505450796233,
              -31.382671332277155
            ],
            [
              -64.20709251204691,
              -31.382178003790507
            ],
            [
              -64.20707213252895,
              -31.382128581626443
            ],
            [
              -64.20709830362514,
              -31.382189719337223
            ],
            [
              -64.20726887052362,
              -31.382415253398698
            ],
            [
              -64.20753136236729,
              -31.382927632206165
            ],
            [
              -64.20758207119226,
              -31.38344200559784
            ],
            [
              -64.20739265902569,
              -31.385192766744304
            ],
            [
              -64.20685823213206,
              -31.38550065088211
            ],
            [
              -64.20479041075154,
              -31.386678511027945
            ],
            [
              -64.20450937213873,
              -31.386787150085237
            ],
            [
              -64.20434305479247,
              -31.386894711037353
            ],
            [
              -64.20425712613783,
              -31.38707723003592
            ],
            [
              -64.20393057472347,
              -31.387769287677656
            ],
            [
              -64.20345776152192,
              -31.388757999749277
            ],
            [
              -64.20310282542704,
              -31.389555610458075
            ],
            [
              -64.2037230749958,
              -31.39088068670817
            ],
            [
              -64.21062389764313,
              -31.38861233913452
            ],
            [
              -64.21905300182061,
              -31.38591504749986
            ],
            [
              -64.22120325176427,
              -31.384238361623726
            ],
            [
              -64.2222101736184,
              -31.383459806716235
            ],
            [
              -64.22359509805813,
              -31.382588910782424
            ],
            [
              -64.22368738835154,
              -31.381730342611892
            ],
            [
              -64.22349301363612,
              -31.381362504125875
            ],
            [
              -64.22310714367985,
              -31.380848614756854
            ],
            [
              -64.22306577678404,
              -31.38031665138196
            ],
            [
              -64.22314926645757,
              -31.380108826962985
            ],
            [
              -64.22535730845638,
              -31.37758862169406
            ],
            [
              -64.22844810192488,
              -31.3740395737509
            ],
            [
              -64.23055265848862,
              -31.37153506048924
            ],
            [
              -64.23211685801319,
              -31.369893393427947
            ],
            [
              -64.23363007905081,
              -31.368311348973037
            ],
            [
              -64.2341961186005,
              -31.367473136785673
            ],
            [
              -64.23555765981109,
              -31.368640098563453
            ],
            [
              -64.237167207917,
              -31.370485430971975
            ],
            [
              -64.23614176241266,
              -31.371325420660312
            ],
            [
              -64.23696365071494,
              -31.37204646682046
            ],
            [
              -64.23614991827957,
              -31.372727977796014
            ],
            [
              -64.23795262783949,
              -31.37483033977724
            ],
            [
              -64.2403908149771,
              -31.37759125338722
            ],
            [
              -64.24198682245319,
              -31.37669942728414
            ],
            [
              -64.24337145520401,
              -31.37843864366221
            ],
            [
              -64.24417625675613,
              -31.379551651888015
            ],
            [
              -64.24523819864886,
              -31.38091917349417
            ],
            [
              -64.24593296939167,
              -31.38179168661776
            ],
            [
              -64.24673094233285,
              -31.382801586970114
            ],
            [
              -64.2473693828665,
              -31.3834988108859
            ],
            [
              -64.24753926581933,
              -31.384054901003314
            ],
            [
              -64.24568077855373,
              -31.384781474862613
            ],
            [
              -64.24702306188688,
              -31.387521108235276
            ],
            [
              -64.24875524709063,
              -31.38692390041568
            ],
            [
              -64.25334288361877,
              -31.385262678737366
            ],
            [
              -64.25197345512748,
              -31.38196008109264
            ],
            [
              -64.25334294628065,
              -31.380292632500815
            ],
            [
              -64.25387660924467,
              -31.37937121700828
            ],
            [
              -64.25438812374242,
              -31.378021753269046
            ],
            [
              -64.25475650778533,
              -31.377179881701657
            ],
            [
              -64.25503738440617,
              -31.376813588092705
            ],
            [
              -64.25721696976215,
              -31.376628870827222
            ],
            [
              -64.26124884943826,
              -31.375307695743583
            ],
            [
              -64.26172355462737,
              -31.374976763420726
            ],
            [
              -64.26094467712541,
              -31.37333243422161
            ],
            [
              -64.25958799580673,
              -31.369333440173506
            ],
            [
              -64.26081380543089,
              -31.36861960373185
            ],
            [
              -64.26145689686142,
              -31.367725518887674
            ],
            [
              -64.26167730953192,
              -31.364414481856816
            ],
            [
              -64.26124590837887,
              -31.363250888127183
            ],
            [
              -64.26043738634664,
              -31.362155878539294
            ],
            [
              -64.25948855391519,
              -31.361198721941193
            ],
            [
              -64.25912841158745,
              -31.360384537278293
            ],
            [
              -64.25940122873764,
              -31.359359748033572
            ],
            [
              -64.25917695556356,
              -31.35883973814615
            ],
            [
              -64.25936446459106,
              -31.35824118469546
            ],
            [
              -64.25975175905775,
              -31.35793887640252
            ],
            [
              -64.26041720747749,
              -31.357316876797523
            ],
            [
              -64.26076315797992,
              -31.357182924939803
            ],
            [
              -64.2617652621895,
              -31.357359576070948
            ],
            [
              -64.26271867399579,
              -31.357145041474553
            ],
            [
              -64.26308660034417,
              -31.35702951743991
            ],
            [
              -64.26410070685344,
              -31.356478667207533
            ],
            [
              -64.26440424473992,
              -31.356310094544416
            ],
            [
              -64.26441742983864,
              -31.35578548169709
            ],
            [
              -64.26520399413408,
              -31.354704366659632
            ],
            [
              -64.26578344107911,
              -31.353925623355245
            ],
            [
              -64.26662240933082,
              -31.35328322988824
            ],
            [
              -64.26724146916176,
              -31.352919167477125
            ],
            [
              -64.28581774612762,
              -31.35825822632307
            ],
            [
              -64.28768599206713,
              -31.35848845340301
            ],
            [
              -64.28817185425694,
              -31.355517318046232
            ],
            [
              -64.28974567094035,
              -31.354221106261527
            ],
            [
              -64.29007097001752,
              -31.35376258237874
            ],
            [
              -64.29045751747971,
              -31.352933548655354
            ],
            [
              -64.29036130005045,
              -31.350743610707536
            ],
            [
              -64.29035430726348,
              -31.350231521178465
            ],
            [
              -64.29067881383536,
              -31.349716097277945
            ],
            [
              -64.29117372950446,
              -31.349540397708353
            ],
            [
              -64.29167408812472,
              -31.3497629883595
            ],
            [
              -64.2925519399214,
              -31.350920733675355
            ],
            [
              -64.29324848560833,
              -31.350942167684458
            ],
            [
              -64.29351641380833,
              -31.351138639771218
            ],
            [
              -64.2942149087589,
              -31.351302315453697
            ],
            [
              -64.29528664150149,
              -31.352088192340098
            ],
            [
              -64.29594731329259,
              -31.35191080076909
            ],
            [
              -64.29651243486394,
              -31.352018903939822
            ],
            [
              -64.29694807878602,
              -31.352355940198922
            ],
            [
              -64.29749216417211,
              -31.353346303738775
            ],
            [
              -64.29877723482797,
              -31.35276423563584
            ],
            [
              -64.29923586982758,
              -31.352361246311034
            ],
            [
              -64.3004542229375,
              -31.351751383596472
            ],
            [
              -64.30021076076734,
              -31.35153467012092
            ],
            [
              -64.29871553842,
              -31.350687771078892
            ],
            [
              -64.2971087109336,
              -31.349565894196168
            ],
            [
              -64.29630218937596,
              -31.348777352779717
            ],
            [
              -64.29531862688368,
              -31.3471654478368
            ],
            [
              -64.2954457633148,
              -31.34676581750905
            ],
            [
              -64.29803973913923,
              -31.34472221913308
            ],
            [
              -64.29821285628056,
              -31.34472845327424
            ],
            [
              -64.29868129567467,
              -31.344963274841668
            ],
            [
              -64.29883584591863,
              -31.344967441102305
            ],
            [
              -64.29901036138412,
              -31.34483572667353
            ],
            [
              -64.2990963389291,
              -31.344623364384447
            ],
            [
              -64.29912479438946,
              -31.344281636624473
            ],
            [
              -64.29884944701068,
              -31.34354463766055
            ],
            [
              -64.30006456085586,
              -31.342707186873795
            ],
            [
              -64.30009027343738,
              -31.342166313014815
            ],
            [
              -64.30093917737213,
              -31.341218750562902
            ],
            [
              -64.30133302219186,
              -31.340930223855445
            ],
            [
              -64.30149327198578,
              -31.340530252517404
            ],
            [
              -64.30141718764492,
              -31.339819691473593
            ],
            [
              -64.30157586859141,
              -31.339305922467396
            ],
            [
              -64.3019681364144,
              -31.338903596447555
            ],
            [
              -64.30222742559329,
              -31.33847416610749
            ],
            [
              -64.30281699297431,
              -31.337956022423242
            ],
            [
              -64.30350873621941,
              -31.337636011383754
            ],
            [
              -64.304240291203,
              -31.33779929840203
            ],
            [
              -64.30468413915132,
              -31.338733745414235
            ],
            [
              -64.30498637930789,
              -31.33901520541205
            ],
            [
              -64.30531823184182,
              -31.33904028349876
            ],
            [
              -64.3052213031512,
              -31.33682191192557
            ],
            [
              -64.30533661972403,
              -31.33560121426628
            ],
            [
              -64.30984643524687,
              -31.335557612481125
            ]
          ]
        ]
      }
    },
    {
      "id": "6",
      "type": "Feature",
      "properties": {
        "ZONA": 0.0,
        "ZONAS": "Central",
        "Zonass": "0",
        "AREA": 16.2223469004
      },
      "geometry": {
        "type": "Polygon",
        "coordinates": [
          [
            [
              -64.18939019370845,
              -31.374749160257732
            ],
            [
              -64.1868695110581,
              -31.375175201780635
            ],
            [
              -64.18528511455042,
              -31.37547752082622
            ],
            [
              -64.18358293342953,
              -31.37572913868576
            ],
            [
              -64.1822552703,
              -31.375925378434776
            ],
            [
              -64.1803364944514,
              -31.37623583344614
            ],
            [
              -64.17972046840468,
              -31.376227219744433
            ],
            [
              -64.17841800512981,
              -31.375903567539414
            ],
            [
              -64.17785587166834,
              -31.375544540204505
            ],
            [
              -64.17612904128724,
              -31.37412609578432
            ],
            [
              -64.17612849852694,
              -31.374831157135286
            ],
            [
              -64.17607591208785,
              -31.376050890894273
            ],
            [
              -64.17606624480456,
              -31.377748891438056
            ],
            [
              -64.17605533339463,
              -31.37966555837458
            ],
            [
              -64.17604505520801,
              -31.381471133844336
            ],
            [
              -64.17603774558697,
              -31.382755301436827
            ],
            [
              -64.1760301179642,
              -31.38409540875012
            ],
            [
              -64.17602281226209,
              -31.38537902691361
            ],
            [
              -64.1760110120031,
              -31.38745248629675
            ],
            [
              -64.17600057087427,
              -31.389287276826657
            ],
            [
              -64.17598713961327,
              -31.39164771942878
            ],
            [
              -64.17597833825518,
              -31.393194616388865
            ],
            [
              -64.17596972656132,
              -31.394708274270016
            ],
            [
              -64.17596075789494,
              -31.396284777000222
            ],
            [
              -64.17595269930548,
              -31.397701394937055
            ],
            [
              -64.17594657140302,
              -31.39877867325208
            ],
            [
              -64.17594334465802,
              -31.399345950637812
            ],
            [
              -64.175942264106,
              -31.400028047284913
            ],
            [
              -64.17593174131382,
              -31.40080226586708
            ],
            [
              -64.17592526799046,
              -31.40127854463396
            ],
            [
              -64.17557667127447,
              -31.401993152096342
            ],
            [
              -64.17520874698093,
              -31.40289181646303
            ],
            [
              -64.1748727403192,
              -31.40388953889738
            ],
            [
              -64.17465767091798,
              -31.40452814487112
            ],
            [
              -64.17436537931924,
              -31.40535245239655
            ],
            [
              -64.17408225561753,
              -31.406150891266748
            ],
            [
              -64.17378118876127,
              -31.40699348205028
            ],
            [
              -64.1734933782079,
              -31.40778951388204
            ],
            [
              -64.17323499885701,
              -31.408504132838587
            ],
            [
              -64.17301035552927,
              -31.409125436726423
            ],
            [
              -64.17270170302164,
              -31.409979074316674
            ],
            [
              -64.17251285944393,
              -31.410501349720278
            ],
            [
              -64.17238324979375,
              -31.41085980139664
            ],
            [
              -64.17147597845869,
              -31.410614818642273
            ],
            [
              -64.17022569254837,
              -31.410277201850793
            ],
            [
              -64.16868741482345,
              -31.4098617979033
            ],
            [
              -64.167164879707,
              -31.409450623171175
            ],
            [
              -64.16602764883062,
              -31.409143489147475
            ],
            [
              -64.16518423728158,
              -31.408915699562947
            ],
            [
              -64.16494746412566,
              -31.409556461730975
            ],
            [
              -64.16458200032946,
              -31.41054547289142
            ],
            [
              -64.1642674930154,
              -31.411396569844936
            ],
            [
              -64.16390223102158,
              -31.412384995999883
            ],
            [
              -64.16352149952516,
              -31.413415261539573
            ],
            [
              -64.16324748858321,
              -31.414156725497055
            ],
            [
              -64.16290628042925,
              -31.415080006304475
            ],
            [
              -64.16307512084485,
              -31.415812642529886
            ],
            [
              -64.16328124551163,
              -31.41670704642611
            ],
            [
              -64.16238456360463,
              -31.4172282156642
            ],
            [
              -64.16102428398715,
              -31.418051094588712
            ],
            [
              -64.15976121197797,
              -31.418815143857305
            ],
            [
              -64.15841308981518,
              -31.419630614016015
            ],
            [
              -64.15784592637247,
              -31.419973679061858
            ],
            [
              -64.15747216896327,
              -31.41924703694506
            ],
            [
              -64.15729763088662,
              -31.418907703585603
            ],
            [
              -64.15691100581655,
              -31.41815602508392
            ],
            [
              -64.15688005546978,
              -31.4176997800818
            ],
            [
              -64.15662608039898,
              -31.417140491916133
            ],
            [
              -64.1563589847004,
              -31.416552302259948
            ],
            [
              -64.15602654827535,
              -31.41631616916021
            ],
            [
              -64.15552278796673,
              -31.416572388945127
            ],
            [
              -64.15495671028695,
              -31.416860300263064
            ],
            [
              -64.15459058871676,
              -31.417046510171325
            ],
            [
              -64.1539110200833,
              -31.41744393778564
            ],
            [
              -64.15343422089047,
              -31.417839537555828
            ],
            [
              -64.15223215800728,
              -31.41819521446478
            ],
            [
              -64.15108519228495,
              -31.418534575822118
            ],
            [
              -64.14994961390788,
              -31.418957817444845
            ],
            [
              -64.14922840468199,
              -31.419085556511348
            ],
            [
              -64.1487860278607,
              -31.419163907197643
            ],
            [
              -64.14811135515289,
              -31.419331154340316
            ],
            [
              -64.14742124605038,
              -31.41950222380696
            ],
            [
              -64.14662031859996,
              -31.419495657449346
            ],
            [
              -64.14620245303693,
              -31.419492229614267
            ],
            [
              -64.14625618147117,
              -31.41996634573581
            ],
            [
              -64.14633894765257,
              -31.42064296523624
            ],
            [
              -64.14650104888266,
              -31.421968122158816
            ],
            [
              -64.14663899990367,
              -31.42309582049135
            ],
            [
              -64.14678247293259,
              -31.424268626308706
            ],
            [
              -64.14696218515175,
              -31.42573761844245
            ],
            [
              -64.14710275247685,
              -31.426886598226766
            ],
            [
              -64.14723832569162,
              -31.42799472629249
            ],
            [
              -64.14734214174747,
              -31.42884326220614
            ],
            [
              -64.14742916140543,
              -31.429554499987315
            ],
            [
              -64.14797862889493,
              -31.430498509907274
            ],
            [
              -64.14880238179678,
              -31.430167745906072
            ],
            [
              -64.15022436669226,
              -31.429553797613995
            ],
            [
              -64.1517193726742,
              -31.428923270117686
            ],
            [
              -64.15305645185516,
              -31.428384787727904
            ],
            [
              -64.15428407492433,
              -31.42789036908787
            ],
            [
              -64.15567979262444,
              -31.42735782752167
            ],
            [
              -64.15599175423901,
              -31.42723879446614
            ],
            [
              -64.15692033508158,
              -31.427102390007516
            ],
            [
              -64.15842097971371,
              -31.426819243357155
            ],
            [
              -64.15910790316595,
              -31.426716349392287
            ],
            [
              -64.16030489199221,
              -31.426515983401075
            ],
            [
              -64.16148238588964,
              -31.426318869011965
            ],
            [
              -64.16275666029816,
              -31.426097356221423
            ],
            [
              -64.16374786422008,
              -31.42592504139613
            ],
            [
              -64.1651118099979,
              -31.425687914146934
            ],
            [
              -64.16569359085231,
              -31.426290281855906
            ],
            [
              -64.1665351907556,
              -31.427161643749514
            ],
            [
              -64.16740175565594,
              -31.428058830258646
            ],
            [
              -64.16837301670866,
              -31.429007189541093
            ],
            [
              -64.16908596735071,
              -31.429664833286548
            ],
            [
              -64.17012886511853,
              -31.429545905646208
            ],
            [
              -64.17012360291545,
              -31.430059904733863
            ],
            [
              -64.17011614230614,
              -31.430788644753473
            ],
            [
              -64.17010674534731,
              -31.43170653422438
            ],
            [
              -64.16986378527744,
              -31.431900013238472
            ],
            [
              -64.17000211761649,
              -31.432262143489385
            ],
            [
              -64.16989796448232,
              -31.432856000246506
            ],
            [
              -64.16970198355482,
              -31.43324030966183
            ],
            [
              -64.17020428511645,
              -31.43319979567806
            ],
            [
              -64.1709422940954,
              -31.433140266686124
            ],
            [
              -64.17158365819132,
              -31.433088529720575
            ],
            [
              -64.17210862054925,
              -31.433046180116683
            ],
            [
              -64.17264842728042,
              -31.433404634200922
            ],
            [
              -64.17338825571748,
              -31.43370387565725
            ],
            [
              -64.17417072794828,
              -31.433859302676897
            ],
            [
              -64.1746687580665,
              -31.433752429159615
            ],
            [
              -64.17545424947299,
              -31.43349403856615
            ],
            [
              -64.1761268351264,
              -31.433217358730527
            ],
            [
              -64.17619157035247,
              -31.434121360977105
            ],
            [
              -64.17626476321924,
              -31.435143444871056
            ],
            [
              -64.17633614573136,
              -31.43614022191645
            ],
            [
              -64.17640444259371,
              -31.437093886728114
            ],
            [
              -64.17647924587727,
              -31.43813837651935
            ],
            [
              -64.17656998396757,
              -31.439405327771222
            ],
            [
              -64.17664837389123,
              -31.440499830772325
            ],
            [
              -64.17671499045365,
              -31.44142992577663
            ],
            [
              -64.17789529980018,
              -31.441578107540366
            ],
            [
              -64.17966640750915,
              -31.44180043962132
            ],
            [
              -64.18167796668513,
              -31.442052925127655
            ],
            [
              -64.18427956189967,
              -31.442385294741882
            ],
            [
              -64.18662471030815,
              -31.442680393740414
            ],
            [
              -64.18815581028363,
              -31.44286881979255
            ],
            [
              -64.18911752323469,
              -31.442990426451512
            ],
            [
              -64.19007987492593,
              -31.443102322119355
            ],
            [
              -64.19294161160278,
              -31.443451709837433
            ],
            [
              -64.19498592816306,
              -31.443719747347554
            ],
            [
              -64.1963569080228,
              -31.443890504381976
            ],
            [
              -64.19779608555554,
              -31.444044236822258
            ],
            [
              -64.19748445481723,
              -31.443058021418544
            ],
            [
              -64.19723292434855,
              -31.442302851473293
            ],
            [
              -64.1968834782846,
              -31.441291581366823
            ],
            [
              -64.19626537149843,
              -31.439417083866278
            ],
            [
              -64.19590967382051,
              -31.438355711327663
            ],
            [
              -64.19529299635089,
              -31.436383750422575
            ],
            [
              -64.19505222574813,
              -31.43565033433084
            ],
            [
              -64.19437962365727,
              -31.433601441043027
            ],
            [
              -64.19423270303979,
              -31.433616409373293
            ],
            [
              -64.19406909190567,
              -31.433617934392547
            ],
            [
              -64.1939049325637,
              -31.43357629463071
            ],
            [
              -64.19376017914975,
              -31.433505180314338
            ],
            [
              -64.19366023804331,
              -31.433422854541877
            ],
            [
              -64.1935745055042,
              -31.43332652015157
            ],
            [
              -64.19349199543352,
              -31.43320086305919
            ],
            [
              -64.19343523295073,
              -31.432950318146403
            ],
            [
              -64.19348807731528,
              -31.43283196511401
            ],
            [
              -64.19357614992305,
              -31.432718765458848
            ],
            [
              -64.19370730028116,
              -31.43260973198752
            ],
            [
              -64.19397493539006,
              -31.432472341234323
            ],
            [
              -64.19357072353738,
              -31.43151493142753
            ],
            [
              -64.19287346851381,
              -31.42986309281638
            ],
            [
              -64.19218919490467,
              -31.42824184500383
            ],
            [
              -64.1918500283157,
              -31.427438235286882
            ],
            [
              -64.19146547070467,
              -31.426526887768034
            ],
            [
              -64.18880259030922,
              -31.42735614753375
            ],
            [
              -64.18746057312765,
              -31.42777404855363
            ],
            [
              -64.18612800513368,
              -31.428192601986446
            ],
            [
              -64.18546186216585,
              -31.428403278529583
            ],
            [
              -64.18533172706515,
              -31.42824818530837
            ],
            [
              -64.1851529950271,
              -31.428144013973753
            ],
            [
              -64.18501549265365,
              -31.428082160496352
            ],
            [
              -64.18479946801679,
              -31.428048085484978
            ],
            [
              -64.18473637300295,
              -31.428048668913384
            ],
            [
              -64.18457897802655,
              -31.428077176674854
            ],
            [
              -64.1842480769359,
              -31.427302326049535
            ],
            [
              -64.18351975400081,
              -31.42559680700326
            ],
            [
              -64.1825400854054,
              -31.423270711633737
            ],
            [
              -64.18205046441406,
              -31.422108122296617
            ],
            [
              -64.18143465375653,
              -31.420645854110834
            ],
            [
              -64.18049938812673,
              -31.418397153344188
            ],
            [
              -64.1803297733934,
              -31.41797549226719
            ],
            [
              -64.18012817727926,
              -31.417499116199192
            ],
            [
              -64.1799957629855,
              -31.41718621536949
            ],
            [
              -64.18132019478007,
              -31.41679474542573
            ],
            [
              -64.18268391265792,
              -31.416393399287582
            ],
            [
              -64.18398221216613,
              -31.4160081536756
            ],
            [
              -64.18531707264884,
              -31.415611873622883
            ],
            [
              -64.18669381180283,
              -31.41520676593651
            ],
            [
              -64.18811344300939,
              -31.414792305458167
            ],
            [
              -64.18867799207591,
              -31.41462686649242
            ],
            [
              -64.18941259423359,
              -31.41441158955384
            ],
            [
              -64.19070048886464,
              -31.414034106349934
            ],
            [
              -64.19151345012324,
              -31.41379564655652
            ],
            [
              -64.19127475492643,
              -31.4145436119842
            ],
            [
              -64.19110505401576,
              -31.415055561589813
            ],
            [
              -64.19094772084532,
              -31.415530195566
            ],
            [
              -64.19081155528691,
              -31.415940968435933
            ],
            [
              -64.19067639426073,
              -31.416348707403444
            ],
            [
              -64.19052209060115,
              -31.416814189489347
            ],
            [
              -64.1904188433847,
              -31.417103406479374
            ],
            [
              -64.19031113195405,
              -31.417405126768873
            ],
            [
              -64.19014982408372,
              -31.417856977041666
            ],
            [
              -64.19006109025624,
              -31.418105533454085
            ],
            [
              -64.1908602830272,
              -31.417887092567344
            ],
            [
              -64.19211045120069,
              -31.417516226229985
            ],
            [
              -64.19300015220283,
              -31.41724795993411
            ],
            [
              -64.19344291164619,
              -31.417114454441514
            ],
            [
              -64.19473972955913,
              -31.416707258503735
            ],
            [
              -64.1960223957154,
              -31.416303525506674
            ],
            [
              -64.19734285078756,
              -31.415887881151527
            ],
            [
              -64.19817084061502,
              -31.415638410236184
            ],
            [
              -64.19871008755143,
              -31.415475933151086
            ],
            [
              -64.19953394716009,
              -31.41522660875219
            ],
            [
              -64.20014714495633,
              -31.415041032616525
            ],
            [
              -64.20112826992829,
              -31.414642322255933
            ],
            [
              -64.20148964880121,
              -31.414480924044323
            ],
            [
              -64.20174376298398,
              -31.414357153123486
            ],
            [
              -64.20237245120285,
              -31.41396943625279
            ],
            [
              -64.20292077988903,
              -31.413772831701884
            ],
            [
              -64.20352614953391,
              -31.413566362110682
            ],
            [
              -64.2043025325891,
              -31.413338912671698
            ],
            [
              -64.20516079614598,
              -31.413087468793936
            ],
            [
              -64.20570743213024,
              -31.41292731819914
            ],
            [
              -64.20618763048175,
              -31.41277121585615
            ],
            [
              -64.20721827324573,
              -31.412436167902648
            ],
            [
              -64.20804991868232,
              -31.412165803560388
            ],
            [
              -64.20886911220198,
              -31.411899480546026
            ],
            [
              -64.20964166576499,
              -31.4116483142382
            ],
            [
              -64.21057121379073,
              -31.41134609929083
            ],
            [
              -64.21151320240821,
              -31.41103983087241
            ],
            [
              -64.21261218113189,
              -31.41068250914453
            ],
            [
              -64.21342442620758,
              -31.410418408206134
            ],
            [
              -64.21299435988766,
              -31.409371034909206
            ],
            [
              -64.21256942696444,
              -31.408336137836695
            ],
            [
              -64.21221315676915,
              -31.407468444909785
            ],
            [
              -64.21196742847948,
              -31.406854426581727
            ],
            [
              -64.21166204126578,
              -31.406091321936973
            ],
            [
              -64.21124783674628,
              -31.40505628151101
            ],
            [
              -64.2108113884159,
              -31.4039656294396
            ],
            [
              -64.2105059041235,
              -31.403202230074736
            ],
            [
              -64.21014613363313,
              -31.40230315287947
            ],
            [
              -64.2097972050037,
              -31.401431151565
            ],
            [
              -64.20953000826066,
              -31.400763392798144
            ],
            [
              -64.2091537725488,
              -31.399823113860975
            ],
            [
              -64.20899232685778,
              -31.39941962639625
            ],
            [
              -64.20762308379516,
              -31.3998303640507
            ],
            [
              -64.20629033660205,
              -31.400232863504375
            ],
            [
              -64.20505212346788,
              -31.40060679760221
            ],
            [
              -64.20506195977627,
              -31.401376594743365
            ],
            [
              -64.20507534811,
              -31.402424328581848
            ],
            [
              -64.20508151178844,
              -31.402906662515726
            ],
            [
              -64.20472226830655,
              -31.40336674578825
            ],
            [
              -64.20428994605106,
              -31.403920413934685
            ],
            [
              -64.20322663224914,
              -31.404175204832143
            ],
            [
              -64.20191715025155,
              -31.404488968549902
            ],
            [
              -64.200648227327,
              -31.404874633418157
            ],
            [
              -64.19934796931904,
              -31.40543309011526
            ],
            [
              -64.19809355102907,
              -31.40572862807624
            ],
            [
              -64.1966156913425,
              -31.4060767902862
            ],
            [
              -64.19511301983846,
              -31.406324215179332
            ],
            [
              -64.19383910958672,
              -31.40653395826103
            ],
            [
              -64.19230734786244,
              -31.40649452169172
            ],
            [
              -64.19108821958959,
              -31.406452845519848
            ],
            [
              -64.18997856813064,
              -31.406414901711067
            ],
            [
              -64.18863497920181,
              -31.40689967488555
            ],
            [
              -64.18820580701062,
              -31.40711665506206
            ],
            [
              -64.18789364394856,
              -31.4071936358652
            ],
            [
              -64.18761335295805,
              -31.406372012126404
            ],
            [
              -64.1872818843574,
              -31.40458951676944
            ],
            [
              -64.18717324663744,
              -31.40400529357588
            ],
            [
              -64.18693417453272,
              -31.403025849964337
            ],
            [
              -64.18661732255929,
              -31.40187116797135
            ],
            [
              -64.18589357885028,
              -31.40004075213547
            ],
            [
              -64.18540250025703,
              -31.398798723214483
            ],
            [
              -64.18484424853973,
              -31.397386756785888
            ],
            [
              -64.18457501786003,
              -31.396701210050907
            ],
            [
              -64.18587889869468,
              -31.396324709335662
            ],
            [
              -64.18709633668183,
              -31.39583237386787
            ],
            [
              -64.18826094741212,
              -31.39519473803781
            ],
            [
              -64.18916321514611,
              -31.394484680817754
            ],
            [
              -64.18955389644044,
              -31.394177221326643
            ],
            [
              -64.18917216290421,
              -31.393349035554955
            ],
            [
              -64.18873665468342,
              -31.392327190360017
            ],
            [
              -64.18828379141127,
              -31.391224637164374
            ],
            [
              -64.18953370842029,
              -31.390808245203555
            ],
            [
              -64.19156697518893,
              -31.390181264600155
            ],
            [
              -64.1917804548752,
              -31.39024754390147
            ],
            [
              -64.19184955863433,
              -31.390030032617318
            ],
            [
              -64.19212276475999,
              -31.388788377076022
            ],
            [
              -64.19176994351304,
              -31.386685964807686
            ],
            [
              -64.19136719940268,
              -31.384621200601952
            ],
            [
              -64.1908765012982,
              -31.382345408651055
            ],
            [
              -64.19023900166914,
              -31.37938858959398
            ],
            [
              -64.18986054692986,
              -31.377252834536957
            ],
            [
              -64.18954901016801,
              -31.37549464046251
            ],
            [
              -64.18939019370845,
              -31.374749160257732
            ]
          ]
        ]
      }
    }
  ]
}